Workbook

Sheet README
A1: DragonFruit scene core: extraction map
A2: Source: Open-Resin-Alliance/DragonFruit dev @ 5d31502c (2026-10-21). Read-only mapping for ADR-0045 (headless scene operations).
A3: Companion files: scene-core-map.md (the narrative), core-extraction-handoff.md, scene-core-issue-drafts.md.
A5: Sheets
A6: Operations — every operation in useSceneCollectionManager.ts (rows A–G), plus save-path rows that live in other files.
A7: page.tsx rules — scene rules found in page.tsx and SceneCanvas.tsx (lighter pass).
A8: Parity — each user-level GUI operation against the TypeScript CLI: Full / Partial / Missing.
A9: CLI commands — every CLI subcommand: shared code it calls, rules it restates by hand, differences from the app.
A10: Command groups — proposed groups in extraction order, with draft pure functions and counts.
A11: Decisions — questions for Ender, each with options.
A12: Suspected bugs — found while mapping; to pin with tests, not fix inside extraction PRs.
A13: Tests first — what to pin before each group is extracted.
... A28: Counts (live formulas over the Operations sheet)
A29: Operations mapped (hook + save path) | B29: =COUNTA(Operations!A:A)-1 -> 218
A30: …rows covering returned keys (153 keys in all) | B30: =COUNTIF(Operations!D:D,"Yes") -> 106
A31: …with an implicit target | B31: =COUNTIF(Operations!H:H,"Yes") -> 85
A32: …Mostly pure | B32: =COUNTIF(Operations!I:I,"Mostly pure") -> 70
A33: …CLI Full | B33: =COUNTIF(Operations!L:L,"Full") -> 5
A34: …CLI Partial | B34: =COUNTIF(Operations!L:L,"Partial") -> 44
A35: …Risk High | B35: =COUNTIF(Operations!Q:Q,"High") -> 34
A36: page.tsx / SceneCanvas rules | B36: =COUNTA('page.tsx rules'!A:A)-1 -> 82
A37: Parity rows Full / Partial / Missing | B37: =COUNTIF(Parity!E:E,"Full")&" / "&COUNTIF(Parity!E:E,"Partial")&" / "&COUNTIF(Parity!E:E,"Missing") -> 2 / 15 / 15

Sheet Operations
A1: ID | B1: Name in code | C1: Operation | D1: Returned | E1: Command group | F1: Location | G1: State read / written | H1: Implicit target | I1: Pure vs React | J1: Pure vs React (detail) | K1: Existing pure helper | L1: CLI status | M1: CLI today | N1: Undo | O1: Callers | P1: Effort | Q1: Risk | R1: Confidence | S1: Extraction notes | T1: Draft pure function | U1: Test first | V1: Suspected wiring | W1: Implicit target (detail) | X1: Agent group | Y1: Chunk
A2: scene-data-types | B2: ScenePlate, LoadedModel, PlateFrame re-export, ModelClipboardEntry, ImportProgressState | C2: The app's runtime scene shape: models with id/name/group/link/plateId/transform(THREE)/geometry(THREE)/visible/color/support-designation flags; plates {id,name}. | D2: No | E2: Foundations: pins and seams | F2: useSceneCollectionManager.ts:1063-1102, 1125-1131, 1307-1319 | G2: Reads: n/a Writes: n/a | H2: Yes | I2: Mostly React | J2: Mostly React — LoadedModel carries THREE geometry and THREE transform, so it can never be the pure input type. | K2: PlateMember (plateLayout) is the narrow structural cut already | L2: n/a | M2: n/a — CLI uses VoxlModelEntry | N2: n/a | O2: LoadedModel imported widely (page.tsx, panels, managers) | P2: S | Q2: Low | R2: High | S2: Per ADR, do not move LoadedModel; pure rules take {transform:{position:{x,y}}, plateId?} style slices. | T2: n/a (types) | U2: n/a | W2: n/a | X2: scene-models | Y2: A
A3: core-scene-state | B3: models, setModels, activeModelId, setActiveModelId, selectedModelIds, setSelectedModelIds, modelsRef, activeModelIdRef, selectedModelIdsRef | C3: The scene's model list, active model and selection, mirrored into refs every render so stable callbacks read live values. | D3: Yes | E3: Foundations: pins and seams | F3: useSceneCollectionManager.ts:1472-1474, 1580-1592 | G3: Reads: React state Writes: React state; refs | H3: Yes | I3: Mostly React | J3: Mostly React — state + ref mirroring. | K3: None | L3: n/a | M3: n/a — CLI holds doc.models, doc.scene.activeModelId/selectedModelIds | N3: setActiveModelId/setSelectedModelIds are raw setters: no history. | O3: models: ~235 uses in 19 files (page.tsx, panels, arrange/import-export/mirror/hollow/hole-punch managers, sliceJobAssembly); setActiveModelId/setSelectedModelIds: page.tsx (33), useImportExportManager (6), ExportPanelStack | P3: S | Q3: Low | R3: High | S3: Refs exist because callbacks are declared before the values they need; any pure rule should take these as params. | T3: n/a (state) | U3: n/a | V3: Raw setters exported to page.tsx bypass the plate-lock guard that selectModel applies. | W3: n/a | X3: scene-models | Y3: A
A4: scene-snapshot-registry | B4: SCENE_MODELS_SNAPSHOT_APPLY, sceneHistory, sceneSnapshotRegistry, sceneSnapshotOrder, storeSceneSnapshotPair, estimateSceneSnapshotRegistryBytes, estimateGeometryBytes | C4: The scene undo store. One typed-history action type (SCENE_MODELS_SNAPSHOT_APPLY) whose payload is a key into a module-level Map of {before, after} SceneSnapshots. storeSceneSnapshotPair adds a pair and evicts oldest entries past 200 pairs or past 300 MB of distinct BufferGeometry (counted once per geometry object, always keeping the newest). | D4: No | E4: Foundations: pins and seams | F4: useSceneCollectionManager.ts:281-300, 345-351, 508-578 | G4: Reads: sceneSnapshotRegistry, sceneSnapshotOrder (module globals), geometry.attributes byte lengths Writes: sceneSnapshotRegistry, sceneSnapshotOrder | H4: No | I4: Mixed | J4: Mixed — eviction policy is plain logic, but it lives in module globals shared by every hook instance and measures THREE.BufferGeometry identity. | K4: createTypedHistory (@/history/typedHistory) | L4: None | M4: None — CLI has no history. | N4: Is the undo core: payload {key, modelId?}; label SCENE_CHANGE_LABEL by default. | O4: internal: pushSceneSnapshotHistory@2362, setModelMeshModifiers merge@4124-4140, sceneHistory.register effect@2343; external: SCENE_MODELS_SNAPSHOT_APPLY imported by useHollowingManager.ts:1302 (history op subscriber). | P4: M | Q4: High | R4: High | S4: Global singleton (not per-hook): two mounted managers (tests) share it. Snapshots hold LoadedModel with THREE geometry; eviction silently makes older undo entries no-ops (handler returns false). Out of scope for the CLI; stays app-side per ADR (manager pushes history). | T4: n/a (undo core). If anything: planSnapshotEviction({ order: string[], bytesByKey: Map<string, number>, maxCount, maxBytes }): string[] // keys to drop | U4: Pin: 201 pushes keep 200 keys; a pair sharing geometry with others adds 0 bytes; one pair over 300 MB is kept alone; evicted key's undo returns false and history skips it. | V4: useHollowingManager subscribes via subscribeHistoryOperations to this action type to release hollow caches; debug panel in page.tsx polls getSceneSnapshotRegistryBytes. | W4: No (keyed by generated key) | X4: history-core | Y4: A
A5: capture-scene-snapshot | B5: captureSceneSnapshot, cloneLoadedModel, cloneTransform, SceneSnapshot, SceneSnapshotCaptureOptions | C5: Builds an undo snapshot: shallow-clones each model (transform vectors cloned, meshModifiers stripped), copies active/selected ids, records the active printer id (or override), optionally the whole support store and the plate list + active plate. | D5: No | E5: Foundations: pins and seams | F5: useSceneCollectionManager.ts:302-348, 353-359, 370-377, 441-470 | G5: Reads: getActivePrinterProfile() (profile store), getSnapshot() (support store) when includeSupportState Writes: None (returns data) | H5: Yes | I5: Mixed | J5: Mixed — the shape is plain data, but it clones THREE.Vector3/Euler and reads two global stores as defaults. | K5: clonePlainData (support state) | L5: None | M5: None | N5: Produces the before/after halves every history entry uses. | O5: internal: ~60 call sites (every history-pushing op, e.g. 3303, 4090, 4184, 5058, 7100, 7740) | P5: S | Q5: High | R5: High | S5: Implicit reads of profile store and support store; THREE transforms. Could take printerProfileId and supportState explicitly. | T5: captureSceneSnapshot({ models, activeModelId, selectedModelIds, printerProfileId, supportState?, plates?, activePlateId? }): SceneSnapshot | U5: Snapshot of a model is not affected by later mutation of the source transform; meshModifiers always undefined; printerProfileId null when no printer; plates absent unless passed. | W5: Partly: printer defaults to the store's active profile; supports from the global support store. | X5: history-core | Y5: A
A6: clone-mesh-modifiers | B6: cloneMeshModifiersShallow, cloneMeshModifiersForHistory | C6: Copies a model's mesh-modifier record (hollowing, hole punches, applied placements). Shallow variant for import sanitising (avoids JSON round trip of MB base64); history variant also copies blocked voxel arrays and placement vectors. | D6: No | E6: Foundations: pins and seams | F6: useSceneCollectionManager.ts:389-418 | G6: Reads: None Writes: None | H6: No | I6: Mostly pure | J6: Mostly pure — plain object copies. | K6: None | L6: None | M6: None | N6: Used to build modifierRecord on snapshots. | O6: internal: shallow 5998, 6624 (imports); history 2283, 3622, 3649, 4111-4136 | P6: S | Q6: Low | R6: High | S6: None; already pure. Belongs in features/mesh-modifiers. | T6: cloneMeshModifiers({ modifiers, depth: 'shallow' | 'history' }): ModelMeshModifiers | undefined | U6: History clone: mutating original holePunches[0].centerNorm does not change the copy; null -> undefined. | W6: No | X6: history-core | Y6: A
A7: get-scene-snapshot-registry-bytes | B7: getSceneSnapshotRegistryBytes | C7: Exported reader of the registry's deduplicated geometry byte total, for the history debug panel. | D7: No | E7: Foundations: pins and seams | F7: useSceneCollectionManager.ts:553-555 | G7: Reads: sceneSnapshotRegistry Writes: None | H7: No | I7: Mostly pure | J7: Mostly pure — reads a module global. | K7: estimateSceneSnapshotRegistryBytes | L7: None | M7: None | N7: None | O7: page.tsx:6421, 6441 (debug panel) | P7: S | Q7: Low | R7: High | S7: Module global; trivial. | T7: n/a (UI plumbing) | U7: Same as registry: two snapshots sharing one geometry count it once. | W7: No | X7: history-core | Y7: A
A8: apply-scene-snapshot | B8: applySceneSnapshot | C8: Puts a stored scene state back (undo/redo). Restores a model's mesh modifiers if the snapshot carries them, repaints vertex colours where the colour differs, replaces models/active/selection, switches the printer back (and moves the plate-layout memory with it), restores plates + active plate (falling back to the first plate), and restores or resets support state. | D8: No | E8: Foundations: pins and seams | F8: useSceneCollectionManager.ts:2281-2341 | G8: Reads: modelsRef.current (colours); profile store (getActivePrinterProfile, getProfileStoreSnapshot); snapshot fields models/activeModelId/selectedModelIds/printerProfileId/plates/activePlateId/supportState/modifierRecord Writes: meshModifierStore (storeModelMeshModifiers), prepared-geometry cache clear, geometry vertex colours (paintModelBaseColor mutates THREE attribute), setModels, setActiveModelId, setSelectedModelIds, active printer profile, laidOutFootprintRef, setPlates, setActivePlateId, supports store (setSupportSnapshot or resetStore) | H8: No | I8: Mixed | J8: Mixed — the decisions (which plate becomes active, whether supports reset because models are empty, whether the printer changes, which models need repaint) are pure; the rest is 6 setState calls, two module stores, the profile store and an in-place THREE colour write | K8: cloneLoadedModel, cloneMeshModifiersForHistory, paintModelBaseColor, clonePlainData (module-level in the hook file); setSupportSnapshot/resetStore (supports/state) | L8: None | M8: None — CLI has no history; it would restore by re-reading a file | N8: Is the undo core: called by the SCENE_MODELS_SNAPSHOT_APPLY handler with pair.before (undo) or pair.after (redo) | O8: internal: scene-snapshot-history-handler effect (2352) only | P8: M | Q8: High | R8: High | S8: Snapshots hold live LoadedModel objects with shared THREE geometry, so the snapshot itself is not plain data. Repaint mutates the shared geometry. Printer switch writes a global profile store and laidOutFootprintRef must change in the same tick or the printer-change layout effect (7694) shifts models. Order matters: modifiers before models. | T8: planSnapshotRestore({ snapshot: { models: {id,color}[]; activeModelId; selectedModelIds; plates?: {id}[]; activePlateId?; printerProfileId?: string|null; hasSupportState: boolean }, current: { colorById: Record<string,string>; activePrinterId: string|null; activePlateId: string } }) => { activePlateId?: string; printerToActivate?: string; supports: 'reset'|'restore'|'keep'; repaintModelIds: string[] } | U8: Snapshot with plates [A,B], activePlateId C (gone) -> active becomes A; activePlateId undefined -> A. Empty models + supportState -> supports reset. printerProfileId undefined -> profile untouched; null -> laidOutFootprint untouched and no switch. Colour differs -> repaint called once for that model only. Undo of a printer switch must not trigger the plate-shift layout effect (models stay where snapshot put them). | V8: useHollowingManager subscribes to history operations of this type and drops caches when payload.modelId is set; printer-change useLayoutEffect at ~7694 reads laidOutFootprintRef | W8: No — the snapshot names everything it restores | X8: history-core | Y8: B
A9: scene-snapshot-history-handler | B9: useEffect -> sceneHistory.register(SCENE_MODELS_SNAPSHOT_APPLY) | C9: Registers the one scene undo/redo handler. On undo/redo it looks up the payload key in the module-level sceneSnapshotRegistry and applies before/after; returns false (entry discarded) if the key was evicted. | D9: No | E9: Foundations: pins and seams | F9: useSceneCollectionManager.ts:2343-2360 | G9: Reads: sceneSnapshotRegistry (module Map), payload.key Writes: via applySceneSnapshot; history store handler map | H9: No | I9: Mostly React | J9: Mostly React — registration lifetime is a useEffect; the logic is a lookup + direction switch | K9: createTypedHistory (src/history/typedHistory.ts) | L9: None | M9: None | N9: Registers handler for SCENE_MODELS_SNAPSHOT_APPLY (default label SCENE_CHANGE_LABEL 'Scene change') | O9: internal: mounted with the hook; history store dispatch (undo()/redo() from page.tsx hotkeys) | P9: S | Q9: High | R9: High | S9: Handler lifetime is tied to the manager hook mount (doc says scene registers in an always-mounted hook). An evicted key returns false, so the entry is silently discarded — this is the only signal of eviction. The registry is a module singleton shared by every mount (tests mount repeatedly). | T9: n/a (UI plumbing) — keep registration in the app; the pure part is selectSnapshotSide({ pair, direction }) => SceneSnapshot | U9: Push a pair, undo -> before applied, redo -> after applied. Evict the key (push 201 pairs) then undo the oldest -> handler declines and the entry is dropped (undo count decreases, state unchanged). Unmount/remount -> stack entries replay (no stranded stack). | V9: Ctrl+Z hotkey -> historyStore.undo in page.tsx; page.tsx subscribeHistoryOperations restores tool origin | W9: No | X9: history-core | Y9: B
A10: push-scene-snapshot-history | B10: pushSceneSnapshotHistory | C10: Stores a {before, after} snapshot pair in the module registry (with eviction) and pushes a history entry pointing at it by key, with an optional label and an optional modelId (modelId = 'this step swapped the model's geometry', which the hollowing manager uses to drop caches). | D10: No | E10: Foundations: pins and seams | F10: useSceneCollectionManager.ts:2362-2369 | G10: Reads: none beyond args Writes: sceneSnapshotRegistry/sceneSnapshotOrder (module), history undo stack (clears redo) | H10: No | I10: Mostly pure | J10: Mostly pure — one-line wrapper over a module Map and the history store; useCallback with no deps | K10: storeSceneSnapshotPair (module, 557-577), sceneHistory.push | L10: None | M10: None — CLI has no history | N10: This IS the push: type SCENE_MODELS_SNAPSHOT_APPLY, payload {key, modelId?}, description = caller's MessageDescriptor | O10: internal: ~29 operations (deleteModels, updateModelTransforms, commitModelTransform(s)History, group/ungroup/link/unlink, paste*, duplicateModelWithTransforms, replaceModelGeometry, repairModelsInPlace, splitModelIntoParts, splitSupports, mergeSupports, setMeshColor, setModelVisibility, rename*, addPlate, removePlate, deleteModelsAndExtraPlates, modelsShiftedForRelaidPlates, toggleSupportDesignation, addModelFromGeometry...). setModelMeshModifiers (4110-4141) bypasses it and pushes directly to merge edits. | P10: S | Q10: High | R10: High | S10: Under ADR-0045 this stays in the manager (functions return data; the manager pushes history). Blocker for later 'record op name + params' is that snapshots are whole-scene object graphs with THREE objects, not serialisable. Two push paths exist (this and the direct push in setModelMeshModifiers) — any change to payload shape must update both. | T10: n/a (stays in manager per ADR-0045 rule 4) | U10: Each push adds exactly one undo entry; payload has modelId only when passed; description passes through to the toast. Pin the existing sceneEditHistory.dom-test cases (rename, hide, colour, repair) before any change. | V10: useSceneAutosave subscribes to history changes (subscribeHistory) and schedules a save on every push; page.tsx recomputes 'unsaved changes' on history change | W10: No — caller builds both snapshots | X10: history-core | Y10: B
A11: store-scene-snapshot-pair | B11: storeSceneSnapshotPair, estimateSceneSnapshotRegistryBytes, estimateGeometryBytes, getSceneSnapshotRegistryBytes (module-level) | C11: Module-level registry that holds heavy snapshot pairs. Evicts oldest beyond 200 pairs, then evicts oldest while distinct geometry (counted once per BufferGeometry) exceeds ~300 MB, always keeping the newest. getSceneSnapshotRegistryBytes feeds the history debug panel. | D11: No | E11: Foundations: pins and seams | F11: useSceneCollectionManager.ts:508-577 (outside range; called by pushSceneSnapshotHistory) | G11: Reads: sceneSnapshotRegistry, sceneSnapshotOrder, geometry attribute byteLengths Writes: sceneSnapshotRegistry, sceneSnapshotOrder | H11: No | I11: Mostly pure | J11: Mostly pure — no React; reads THREE attribute arrays for size and mutates a module singleton. Eviction policy itself is pure given sizes | K11: None | L11: None | M11: None | N11: Eviction makes older undo entries decline (silently dropped) — defines how deep undo really is | O11: internal: pushSceneSnapshotHistory, setModelMeshModifiers (4137); getSceneSnapshotRegistryBytes from page.tsx (history debug); registry also read by geometry-disposal effect (7471) to keep snapshot geometry alive | P11: S | Q11: High | R11: High | S11: Re-estimates bytes over the whole registry on every push (O(n) per push). Registry also pins geometry from disposal (the tracked-geometries effect at ~7462 walks it). Moving it needs the disposal effect to keep a way to enumerate held geometry. | T11: planSnapshotEviction({ order: string[]; geometryKeysByEntry: Record<string,{key:string;bytes:number}[]>; maxEntries: number; maxBytes: number }) => { evict: string[] } | U11: 201 pushes -> first key gone. Two pairs sharing one 200 MB geometry count 200 MB not 400 MB. One pair alone over 300 MB is kept. Eviction order is FIFO. | V11: History debug panel in DiagnosticsModals via page.tsx polling | W11: No | X11: history-core | Y11: B
A12: return-object-surface | B12: return { ... } (153 keys) | C12: The hook's public surface: 153 keys (list in rows/return-keys.txt), grouped by comments into plates, selection, active-model compat, scene context (reports/prompts/repairs/recent files/view settings), actions, viewer settings and plugin import. Three keys are computed inline (getModelMeshModifiers, canPasteModel, onHeatmapColorChange); four are renamed aliases (fileName, meshColor, meshVisible, importPluginSceneFile). | D12: Yes | E12: Foundations: pins and seams | F12: useSceneCollectionManager.ts:8113-8288 | G12: Reads: everything Writes: None | H12: Yes | I12: Mostly React | J12: Mostly React — a new object literal every render (no useMemo), so `scene` changes identity each render; page.tsx effects that depend on [scene] re-run every render (e.g. registerDeleteHandler effects ~9430). | K12: None | L12: None | M12: None — n/a | N12: None | O12: src/app/page.tsx (the only production caller, line 799); dom tests: sceneEditHistory, removePlate, slicedPlates, mirrorHistory, holePunchHistory, hollowingHistory | P12: S | Q12: Low | R12: High | S12: Unused or test-only keys found in this range: modelPlateFrame (unused), moveModelsToPlate (tests only). Two hook calls inside the literal. | T12: n/a (UI plumbing) | U12: Type-level: a snapshot of Object.keys(scene) in a dom test so removals are deliberate. | V12: page.tsx effects keyed on the whole `scene` object re-register handlers (delete, hotkeys) on every render. | W12: n/a | X12: other | Y12: G
A13: plates-state | B13: plates, setPlates, activePlateId, setActivePlateId, activePlateIdRef, platesRef, activePlate, plateViewRunId | C13: Plate list (starts with one unnamed plate) and active plate; plateViewRunId is bumped when the user deliberately switches plates so the camera follows (not on drag-landing). | D13: Yes | E13: Plates, phase 2 | F13: useSceneCollectionManager.ts:1475-1493, 1522-1523 | G13: Reads: React state Writes: React state; refs | H13: Yes | I13: Mostly React | J13: Mostly React — state. | K13: None | L13: Partial | M13: Partial — CLI round-trips doc.scene.plates/activePlateId but has no plate commands. | N13: Plates are recorded on snapshots only by entries that add/remove plates; renames not. | O13: plates: ModelsPanel, ExportPanelStack, page.tsx, useArrangeManager, voxl codec tests (27); activePlateId: 48 uses in 7 files; plateViewRunId: page.tsx:10831 | P13: S | Q13: Low | R13: High | S13: plateViewRunId is a camera signal, not scene data. | T13: n/a (state) | U13: n/a | W13: n/a | X13: plates | Y13: A
A14: plate-name | B14: plateName, setPlateName | C14: Active plate's name (the plate widget edits it; save writes it as legacy single-plate shorthand). setPlateName renames whichever plate is active at call time. | D14: Yes | E14: Plates, phase 2 | F14: useSceneCollectionManager.ts:1494-1502 | G14: Reads: activePlateIdRef, plates Writes: plates[active].name | H14: Yes | I14: Mostly pure | J14: Mostly pure — a one-line map, wrapped in React state. | K14: None (renamePlate at 7959 is the explicit-id twin) | L14: None | M14: None — no plate rename command. | N14: None (by design: plate renames are not history). | O14: page.tsx:10836 (onPlateNameChange), page.tsx:1200/4604 (save options), voxl codec writes plateName | P14: S | Q14: Low | R14: High | S14: Implicit active-plate target; renamePlate already has the explicit form, so setPlateName can become renamePlate(activePlateId). | T14: renamePlate({ plates: {id,name}[], plateId, name }): {id,name}[] | U14: Rename with 2 plates only changes the active one; empty string allowed. | W14: Yes — active plate (activePlateIdRef) | X14: plates | Y14: A
A15: plate-lock | B15: lockedPlateIds, lockedPlateIdsRef, plateLocked, setPlateLocked | C15: Per-plate session lock (not saved). plateLocked = is the active plate locked; setPlateLocked(bool) locks/unlocks the active plate. | D15: Yes | E15: Plates, phase 2 | F15: useSceneCollectionManager.ts:1503-1520 | G15: Reads: activePlateIdRef, lockedPlateIds Writes: lockedPlateIds | H15: Yes | I15: Mostly React | J15: Mostly React — set add/remove in state. | K15: None | L15: None | M15: None — not a file field; CLI has no lock concept. | N15: None (session state). | O15: page.tsx:10850-10851 (plate widget toggle) | P15: S | Q15: Low | R15: High | S15: Session/UI state; ADR question whether a lock is a scene rule at all (it gates edits). | T15: setPlateLock({ lockedPlateIds: string[], plateId, locked }): string[] | U15: Lock twice keeps one entry; unlock non-locked is no-op; switching active plate changes plateLocked. | W15: Yes — active plate | X15: plates | Y15: A
A16: model-plate-id | B16: modelPlateId, plateFramesRef | C16: The plate a model stands on (position inside a frame wins; stored plateId is fallback; else first plate), read from a ref of the current frames. | D16: No | E16: Plates, phase 2 | F16: useSceneCollectionManager.ts:1524-1538 | G16: Reads: plateFramesRef (assigned at 7945) Writes: None | H16: No | I16: Mostly pure | J16: Mostly pure — delegates to plateLayout; ref is plumbing. | K16: resolveModelPlateId (plateLayout) | L16: Full | M16: Full — scene slice uses computePlateFrames/plateSliceScope from the same module. | N16: None | O16: internal: isModelPlateLocked, lockedPlateIdFor, deleteModelsAndExtraPlates 8044, moveModelsToPlate 8094 | P16: S | Q16: Low | R16: High | S16: Already extracted; ref exists only because frames are computed 6000 lines later. | T16: done: resolveModelPlateId(model, frames) — note it takes two positional args, not one params object | U16: Covered by plateLayout.test.ts. | V16: Frames ref is written during render at 7945; before first render frames are [] so every model resolves to ''. | W16: No (model given) | X16: plates | Y16: A
A17: plate-lock-guards | B17: isModelPlateLocked, isActivePlateLocked, isPlateLocked | C17: Lock checks: is the plate this model stands on locked; is the active plate locked; is a named plate locked. (isModelPlateLocked and isPlateLocked are returned; isActivePlateLocked is internal.) | D17: Yes | E17: Plates, phase 2 | F17: useSceneCollectionManager.ts:1539-1554 | G17: Reads: lockedPlateIdsRef, activePlateIdRef, plateFramesRef Writes: None | H17: Yes | I17: Mostly pure | J17: Mostly pure — set membership + plateLayout; refs are plumbing. | K17: resolveModelPlateId | L17: None | M17: None — CLI ignores locks. | N17: None | O17: isPlateLocked: useArrangeManager.ts:431,492; isModelPlateLocked: page.tsx (2); internal: selectModel 2657, updateModelTransform 3113-3114, updateModelTransforms 3380-3381, loadFiles 2697 | P17: S | Q17: Low | R17: High | S17: Locks are session state; guards are scattered at each gesture rather than in the rules. | T17: isModelOnLockedPlate({ model: PlateMember, frames, lockedPlateIds }): boolean | U17: Model on plate 2 with plate 2 locked -> true; model dragged from unlocked bed onto locked bed -> refused (both beds checked by callers). | W17: isActivePlateLocked: active plate; others explicit | X17: plates | Y17: A
A18: locked-plate-notice | B18: onBlockedByLockRef, lockedPlateIdFor, options.onBlockedByLock | C18: When a guard refuses a gesture, names which locked plate refused it (the bed it would land on if that is locked, else the bed it stands on) and calls the page's onBlockedByLock callback to show a notice. | D18: No | E18: Plates, phase 2 | F18: useSceneCollectionManager.ts:1555-1570, 1589 | G18: Reads: lockedPlateIdsRef, plateFramesRef Writes: None (calls callback) | H18: No | I18: Mixed | J18: Mixed — choice of plate id is pure; delivery is a ref'd callback. | K18: resolveModelPlateId | L18: None | M18: None | N18: None | O18: internal: 2658, 3116, 3386; external: page.tsx:799 passes onBlockedByLock -> notifyPlateLockedRef | P18: S | Q18: Low | R18: High | S18: Callback-as-event; a pure rule would return { refused: true, plateId } instead. | T18: refusingPlateId({ model, landedTransform?, frames, lockedPlateIds }): string | null | U18: Drag from unlocked plate 1 to locked plate 2 -> 'plate-2'; model on locked plate 1 -> 'plate-1'. | V18: page.tsx notifyPlateLockedRef timer (2.6 s notice). | W18: No | X18: plates | Y18: A
A19: clear-empty-plate-name | B19: useEffect (empty single plate clears name) | C19: When the scene has no models and only one plate, clears that plate's name so the widget shows its default label. | D19: No | E19: Plates, phase 2 | F19: useSceneCollectionManager.ts:1571-1579 | G19: Reads: models.length, plates.length Writes: plates[0].name | H19: Yes | I19: Mostly React | J19: Mostly React — effect; rule is one condition. | K19: None | L19: None | M19: None — CLI remove-model leaves plates/plateName untouched. | N19: None (not recorded; deleting last model then undo will not restore the name). | O19: internal effect | P19: S | Q19: Low | R19: High | S19: Hidden side effect of deleting models; would have to become part of deleteModels' result or of 'new scene'. | T19: plateNamesAfterModelChange({ modelCount, plates }): ScenePlate[] | U19: 1 plate named 'A', delete last model -> name ''; 2 plates -> unchanged; undo of delete does not restore 'A' (pin current behaviour). | W19: Yes — first plate | X19: plates | Y19: A
A20: printer-profile-subscription | B20: profileState, activePrinterProfile | C20: Subscribes to the global printer/material profile store and derives the active printer profile. | D20: No | E20: Plates, phase 2 | F20: useSceneCollectionManager.ts:1869-1870 | G20: Reads: profile store (useSyncExternalStore) Writes: None | H20: Yes | I20: Mostly React | J20: Mostly React — external store subscription. | K20: getActivePrinterProfile (profileStore) | L20: Partial | M20: Partial — CLI slice takes the printer as a flag; other commands use none. | N20: Indirect: snapshots record printerProfileId; printer switch relayout at 7694. | O20: internal: view3dSettings, voxlPrinterBundle, relayout layout effect 7694-7760 | P20: S | Q20: Med | R20: High | S20: Global store; every plate rule depends on its build volume. Pure rules should take footprint {widthMm, depthMm, originMode}. | T20: n/a (state); pass footprint explicitly | U20: n/a | V20: Profile store changes from ProfileSettingsModal/Onboarding trigger scene relayout via this subscription. | W20: Yes — 'the active printer' is global context | X20: plates | Y20: A
A21: multi-plate-ordering | B21: multiPlateSettings, followLandedPlateRef, plateOrdering, plateOrderingRef, appliedPlateOrderingRef | C21: Subscribes to multi-plate preferences: whether the active plate follows a model dropped on another bed, and the bed grid ordering (dynamic vs fixed columns). plateOrdering is returned; refs mirror it for stable callbacks; appliedPlateOrderingRef remembers the ordering models were last laid out under. | D21: Yes | E21: Plates, phase 2 | F21: useSceneCollectionManager.ts:1871-1888 | G21: Reads: multiPlatePreferences store Writes: refs | H21: Yes | I21: Mostly React | J21: Mostly React — store subscription + refs. | K21: plateOrderingFor (multiPlatePreferences), PlateOrdering (plateCascade) | L21: Partial | M21: Partial — CLI slice reads ordering from the file extension VOXL_PLATE_ORDERING_EXTENSION (DYNAMIC default); the app reads it from user preferences and writes it to the file. | N21: Ordering change relayout effect 7774 uses appliedPlateOrderingRef. | O21: plateOrdering: page.tsx (4, save options); internal: followLandedPlateRef 3079, 3207, 3491; plateOrderingRef 6679, 7586, 7638, 7912, 8088; appliedPlateOrderingRef 7775-7777 | P21: S | Q21: Med | R21: Med — — confirm the app writes plateOrdering into the VOXL extension on every save and restores it on load | S21: App ordering is a user preference, the CLI's is a file field: two sources of truth for the same layout. | T21: n/a (state); ordering is already a param of computePlateFrames | U21: Open a fixed-3-column file in an app set to dynamic: are beds relaid out? (pin). | V21: Preference store change -> effect at 7774 shifts models and supports (shiftSupportsWithModels). | W21: Yes — global preference | X21: plates | Y21: A
A22: voxl-printer-bundle | B22: voxlPrinterBundle | C22: What a save embeds as the scene's printer: the active profile plus its materials, as a VoxlPrinterBundle (null without a printer). | D22: Yes | E22: Plates, phase 2 | F22: useSceneCollectionManager.ts:1912-1923 | G22: Reads: activePrinterProfile, profileState Writes: None | H22: Yes | I22: Mostly pure | J22: Mostly pure — memo over a pure helper. | K22: toVoxlPrinterBundle, getMaterialProfilesForPrinter | L22: Partial | M22: Partial — CLI save passes through doc.meta.printer unchanged; it never sets one (scene create has none). | N22: None | O22: page.tsx:1201, 4605 (save/autosave options) | P22: S | Q22: Med | R22: High | S22: Pure already; only the 'active' read is implicit. | T22: toVoxlPrinterBundle(profile, materials) — exists; wrap as buildPrinterBundle({ profile, materials }) | U22: Bundle round-trip: CLI transform-model on an app file keeps meta.printer byte-identical. | W22: Yes — active printer | X22: export-save | Y22: A
A23: active-plate-rect | B23: activePlateRect | C23: Active plate's build-volume rectangle in world coordinates. | D23: No | E23: Plates, phase 2 | F23: useSceneCollectionManager.ts:2030-2046 | G23: Reads: view3dSettings, plates, activePlateId, plateOrdering Writes: None | H23: Yes | I23: Mostly pure | J23: Mostly pure — duplicate of computePlateFrames for one plate. | K23: plateLocalRect, plateCascadeOffsetMm | L23: Partial | M23: Partial — scene slice computes the same via computePlateFrames for --plate. | N23: None | O23: internal: isRectInsidePlate, findFreeSpotCentersForModels, pasteCopiedModelsAutoArrange 5083 | P23: S | Q23: Low | R23: High | S23: Restates computePlateFrames; replace with plateFrames.find(active). | T23: plateRect({ frames, plateId }): PlateRect (=== frame) | U23: Equals computePlateFrames(...) frame for the active id for every ordering/originMode. | W23: Yes — active plate | X23: plates | Y23: A
A24: shift-supports-with-models | B24: shiftSupportsWithModels | C24: After a bed relayout moves models (printer switch, ordering change, plate removal), moves each moved model's supports by the same transform change, skipping models whose transform object is unchanged. | D24: No | E24: Plates, phase 2 | F24: useSceneCollectionManager.ts:493-500 | G24: Reads: before/after model lists Writes: support store (transformSupportsForModel) | H24: No | I24: Mixed | J24: Mixed — diff is pure; applying writes the global support store and relies on object identity of transforms. | K24: transformSupportsForModel (supports/state) | L24: None | M24: None — CLI save does not relayout; no command moves supports with models. | N24: None itself; callers push snapshot with support state. | O24: internal: 7726, 7788, 7805, 7821, 7860, 7991 (plate relayout/addPlate/dropPlates/removePlate) | P24: M | Q24: High | R24: High | S24: Identity check (was !== model.transform) is a React-ism; a pure version should compare values. Support transform math is support geometry (high risk). | T24: supportMovesForModelMoves({ before: {id, transform}[], after: {id, transform}[] }): Array<{ modelId, from, to }> | U24: Model moved +250 mm X (plate 2 relayout): every root/trunk/branch of that model moves +250; unmoved model's supports untouched; same transform values but new object currently counts as moved. | W24: No | X24: supports-in-scene | Y24: A
A25: voxl-load-printer-relayout | B25: handleImportVoxlFile: shift models for the recorded printer's bed layout | C25: When the file records meta.printer.buildVolumeMm and has 2+ plates, moves each model by the difference between its plate's offset under the recorded bed size/ordering and the current one, so a model centred on plate 2 stays centred on plate 2; supports follow later via transform delta. | D25: No | E25: Plates, phase 2 | F25: useSceneCollectionManager.ts:6646-6668 | G25: Reads: document.meta.printer, scenePlates, document.extensions.plateOrdering, view3dSettings, plateOrderingRef Writes: importedModels positions (local) | H25: Yes | I25: Mostly pure | J25: Mostly pure — rule lives in modelsShiftedForRelaidPlates (hook useCallback at 7622-7677) which only needs bed size and ordering; THREE Vector3 clone is incidental. | K25: modelsShiftedForRelaidPlates (hook), plateCascadeOffsetMm, plateLocalRect, readPlateOrdering | L25: None | M25: None — `scene slice` lays plates out with the --printer footprint, not meta.printer, and never shifts models; slicing a scene authored on another printer picks the wrong models for plate 2+. | N25: None | O25: internal: handleImportVoxlFile; modelsShiftedForRelaidPlates also used by plate add/remove and printer change | P25: M | Q25: High | R25: High | S25: Move modelsShiftedForRelaidPlates into plates/plateLayout as a pure fn over {transform.position, plateId}; the app's per-load call and the CLI slice then share it. | T25: shiftModelsForRelaidPlates({ before: {id}[], after: {id}[], models: Array<{ id, transform:{position:{x,y}} }>, laidOut: {widthMm,depthMm,originMode,ordering}, now: {widthMm,depthMm,originMode,ordering} }): Array<{ id, dx, dy }> | U25: File printer 300x200, current 200x120, 2 plates dynamic ordering: model at plate-2 centre moves by exactly the offset delta; single-plate file -> no shift; same printer -> no shift. | W25: Uses the current printer bed and current plate ordering from hook state | X25: plates | Y25: F
A26: plate-offset-for | B26: plateOffsetFor (+ plateOffsetForRef) | C26: Cascade offset (dx, dy mm) of a plate by id: its index in the plate list, the current footprint and ordering. Unknown id or first plate gives (0,0). | D26: Yes | E26: Plates, phase 2 | F26: useSceneCollectionManager.ts:7580-7587 | G26: Reads: platesRef, plateOrderingRef, view3dSettings.widthMm/depthMm Writes: None | H26: No | I26: Mostly pure | J26: Mostly pure — a one-line wrapper over plateCascadeOffsetMm; plumbing is useCallback + refs. Same thing as computePlateFrames(...).find(id).dxMm/dyMm. | K26: plates/plateCascade.ts plateCascadeOffsetMm | L26: Partial | M26: Partial — scene slice gets the same offset via computePlateFrames/plateSliceScope.offsetMm; no standalone command. | N26: None | O26: src/app/page.tsx (9670), src/features/scene/arrange/useArrangeManager.ts (374, 437); internal via plateOffsetForRef at 2117, 2246, 2770, 5369, 5412, 6157-6158 | P26: S | Q26: Low | R26: High | S26: Already pure underneath. Redundant with plateFrames (frame.dxMm/dyMm); keeping both is a second derivation of 'where is a plate'. Note it uses platesRef (live) while plateFrames is a memo of committed state — they can disagree within a tick. | T26: plateOffset({ plates, plateId, footprint, ordering }): { dxMm; dyMm } — or simply frames.find(f => f.id === plateId) from computePlateFrames | U26: Plates [a,b,c], footprint 200x100, dynamic: a->(0,0), b->(224,0), c->(0,124) [3 plates: 2x2 block]; unknown id -> (0,0); fixed 3 cols: c->(448,0). | V26: plateOffsetForRef is read by paste/import placement declared earlier in the hook (2117, 2246, 2770, 5369, 5412, 6157). | W26: No (explicit plateId) — but plate list and ordering come from refs, not arguments | X26: plates | Y26: G
A27: plate-forward-refs | B27: addPlatesRef, plateOffsetForRef | C27: Forward-declaration refs so callbacks declared earlier in the hook (paste overflow, import placement, duplicate onto new beds) can call addPlates and plateOffsetFor, which are defined 5,000 lines later. | D27: No | E27: Plates, phase 2 | F27: useSceneCollectionManager.ts:7596-7602 (+ assignment 7917) | G27: Reads: addPlates, plateOffsetFor Writes: addPlatesRef.current, plateOffsetForRef.current | H27: Yes | I27: Mostly React | J27: Mostly React — pure plumbing to dodge declaration order in one giant hook. | K27: None | L27: None | M27: None — n/a | N27: None | O27: internal: addPlatesRef at 2785, 5459, 6150; plateOffsetForRef at 2117, 2246, 2770, 5369, 5412, 6157-6158 | P27: S | Q27: Low | R27: High | S27: Disappears once plate layout is a pure module the earlier callbacks can call directly with explicit plates; addPlates' state write stays a manager concern. | T27: n/a (UI plumbing) | U27: Covered by tests of paste-overflow / import-spill onto new beds: a paste larger than one bed creates a bed and lands at its offset. | W27: n/a | X27: plates | Y27: G
A28: models-shifted-for-relaid-plates | B28: modelsShiftedForRelaidPlates | C28: When the bed grid is re-laid (plate added/removed, ordering switched, footprint changed), returns the model list with every model standing on a moved bed shifted by exactly that bed's move. Membership is judged against the OLD layout; models off every bed, and models on a removed bed, stay put. Returns the same array identity when nothing moves. | D28: No | E28: Plates, phase 2 | F28: useSceneCollectionManager.ts:7622-7678 | G28: Reads: view3dSettings (widthMm, depthMm, originMode), plateOrderingRef; args before/after plates, models, options.laidOut, options.wasOrdering Writes: None (returns new models) | H28: No | I28: Mostly pure | J28: Mostly pure — all logic (old frames by id, from/to offsets, shift map, containment test) is pure; only THREE.Vector3 clone/add for the position and the useCallback wrapper are not. Re-derives frames by hand instead of computePlateFrames. | K28: plateCascadeOffsetMm, plateLocalRect (plates/) | L28: None | M28: None — the CLI has no plate add/remove/ordering command, so nothing re-lays. | N28: None (callers push) | O28: internal: printer-switch layout effect (7712), ordering effect (7783), addPlate (7800), dropPlates (7853), addPlates (7899), removePlate (7987) | P28: S | Q28: Med | R28: High | S28: Best next candidate for plateLayout.ts. Blockers: THREE.Vector3 positions (return shifts instead), implicit current footprint/ordering (make explicit 'from'/'to' layouts), and the hand-rolled frame rect duplicates computePlateFrames. Early-return when after.length<=1 skips shifting when going 2->1 (only bed 1 left, offset 0, so harmless). | T28: relaidPlateShifts({ models: readonly PlateMember&{id}[], from: { plates; footprint; ordering }, to: { plates; footprint; ordering } }): Map<modelId, { dxMm; dyMm }> | U28: Dynamic, 3 beds -> add 4th -> 5th: plate 3 moves from (0,row1) to (col2,row0); model on it shifts same delta, models on 1/2 unchanged. Remove middle bed of 3: bed 3 slides to slot 2. Model in gap between beds: unchanged. Fixed ordering add: no shift (identity preserved). Footprint 200->300 wide: bed 2 model shifts +100. Ordering dynamic->fixed with 4 beds: bed 4 moves. | W28: No for plates/models (passed in); current footprint and ordering are read from context | X28: plates | Y28: G
A29: relay-on-printer-switch | B29: useLayoutEffect (laidOutFootprintRef) — printer/footprint relayout | C29: When the active printer or its build footprint changes, shifts models (and their world-space supports) so they stay on the same bed under the new pitch, bumps plateViewRunId, and — only for a printer switch — pushes a 'Switch printer' snapshot history entry carrying both printer ids. | D29: No | E29: Plates, phase 2 | F29: useSceneCollectionManager.ts:7688-7762 | G29: Reads: activePrinterProfile, view3dSettings (widthMm, depthMm, originMode), laidOutFootprintRef, platesRef, modelsRef, activeModelIdRef, selectedModelIdsRef, activePlateIdRef, support store (getSnapshot) Writes: laidOutFootprintRef, modelsRef, models (setModels), support store (transformSupportsForModel via shiftSupportsWithModels), plateViewRunId, history | H29: Yes | I29: Mixed | J29: Mixed — the shift is the pure modelsShiftedForRelaidPlates; the rest is effect timing, ref mirroring, support-store mutation and history snapshot capture. | K29: modelsShiftedForRelaidPlates, shiftSupportsWithModels (module fn 493), supportStateFor (503), captureSceneSnapshot, pushSceneSnapshotHistory, switchPrinterLabel/SWITCH_PRINTER_LABEL (sceneHistoryLabels.ts) | L29: None | M29: None — CLI has no printer switch; slice takes --printer for the job but frames come from job build size without moving models. | N29: pushSceneSnapshotHistory(before, after, switchPrinterLabel(name)) with printerProfileId before/after and support state; none for a same-profile footprint edit. Snapshot restore (2302-2316) rewrites laidOutFootprintRef so undo is not seen as a new switch. | O29: internal: React effect (deps activePrinterProfile, view3dSettings) | P29: M | Q29: High | R29: Med — — check that a footprint edit via settings (same profile) does not also push history through another path, and that originMode change alone does not trigger it (it is a dep but not compared). | S29: Hidden coupling: restoreSceneSnapshot writes laidOutFootprintRef to suppress this effect. A headless 'set printer' would need: relaidPlateShifts + support shifts + snapshot. Supports are world-space, so any pure version must also return support deltas (supports-in-scene concern). | T29: relayoutForFootprint({ models, plates, ordering, fromFootprint, toFootprint }): { modelShifts: Map<id,{dxMm,dyMm}> } (CLI would also translate doc.supports for shifted model ids) | U29: 2 beds, model + trunk on bed 2; switch printer 200->300 wide: model x +100, trunk x +100, one history entry 'Switch printer'; undo restores x and printer id without re-shifting. Same profile volume edit: shift, no history entry. Single bed: no shift. | V29: Printer profile store (setActivePrinterProfile) and restoreSceneSnapshot both write laidOutFootprintRef; originMode is a dependency but changes to it alone are ignored. | W29: Yes — all models, whole plate list; triggered by the global active printer profile | X29: plates | Y29: G
A30: relay-on-ordering-change | B30: useEffect (appliedPlateOrderingRef) — plate ordering relayout | C30: When the Multi-Plate 'ordering' setting changes (fixed/dynamic or column count), shifts models and their supports with their beds and bumps plateViewRunId. Deliberately no history entry: ordering is a setting. | D30: No | E30: Plates, phase 2 | F30: useSceneCollectionManager.ts:7774-7793 | G30: Reads: plateOrdering (from multi-plate settings store), appliedPlateOrderingRef, platesRef, modelsRef Writes: appliedPlateOrderingRef, modelsRef, models, support store, plateViewRunId | H30: Yes | I30: Mixed | J30: Mixed — the shift is pure (modelsShiftedForRelaidPlates with wasOrdering); the rest is an effect reacting to a useSyncExternalStore setting. | K30: modelsShiftedForRelaidPlates, shiftSupportsWithModels | L30: Partial | M30: Partial — CLI reads the plateOrdering VOXL extension (readPlateOrdering) for slice frames, but has no command to change it or move models. | N30: None (by design). Note: snapshots taken before the switch hold pre-switch positions, so undoing past the switch restores positions laid out for the other ordering. | O30: internal: React effect on plateOrdering (multiPlatePreferences store via SettingsModal MultiPlateSettingsTab) | P30: S | Q30: Med | R30: Med — — check how loading a scene with a plateOrdering extension interacts with appliedPlateOrderingRef, and undo across a switch. | S30: Undo across an ordering switch looks unsafe (positions in history are in the old layout, restore does not re-shift, unlike printer switch which records printer id). Loading a .voxl with its own ordering extension — does load set the setting and fire this effect against loaded positions? Not traced. | T30: relayoutForOrdering({ models, plates, footprint, fromOrdering, toOrdering }): Map<modelId,{dxMm,dyMm}> | U30: 4 beds dynamic -> fixed 3: bed 3 moves from (0,1) to (2,0), bed 4 from (1,1) to (0,1); models follow; 1 bed: no-op; same ordering re-set: no-op. | V30: multi-plate settings store (subscribeToMultiPlateSettings), SettingsModal/MultiPlateSettingsTab writes it; useSceneAutosave and ExportManager persist plateOrdering to the VOXL extension. | W30: Yes — all models; triggered by global setting | X30: plates | Y30: G
A31: add-plate | B31: addPlate | C31: Appends one empty plate (new uuid, empty name) after the last; shifts models/supports on beds the dynamic grid re-lays; does not change the active plate. Pushes 'Add plate N' history unless pushHistory:false (caller folds it into its own step). Returns the new id. | D31: Yes | E31: Plates, phase 2 | F31: useSceneCollectionManager.ts:7795-7832 | G31: Reads: platesRef, modelsRef, activeModelIdRef, selectedModelIdsRef, activePlateIdRef, support store Writes: plates, models, support store, history | H31: Yes | I31: Mixed | J31: Mixed — real rule is 'append + relay shift' (pure); rest is snapshot capture, setState and support-store mutation. Unlike dropPlates/removePlate it does not update platesRef/modelsRef synchronously. | K31: modelsShiftedForRelaidPlates, shiftSupportsWithModels, supportStateFor, captureSceneSnapshot, pushSceneSnapshotHistory, addPlateLabel | L31: None | M31: None — no plate add command; a CLI save preserves plates but cannot create one. | N31: pushSceneSnapshotHistory(before, after, addPlateLabel(next.length)) with plates + activePlateId + support state if any; none with {pushHistory:false} | O31: src/app/page.tsx (8536 drag-spawn with pushHistory:false, 8539, 10833 Models panel +); tests removePlate.dom-test.tsx | P31: S | Q31: Med | R31: High | S31: uuidv4 inside: pure version should take the new id (or an id factory) as a param for determinism/parity. Refs not updated in the same tick (addPlates and dropPlates do) — a second addPlate in one tick would append to a stale list. | T31: addPlate({ plates, models, footprint, ordering, newPlate: { id, name } }): { plates; modelShifts: Map<id,{dxMm,dyMm}> } | U31: 1 bed -> addPlate: 2 plates, active unchanged, 1 history entry 'Add plate 2', models untouched. Dynamic 4->5 beds: model on bed 3 shifted. pushHistory:false: no entry. Undo removes the bed and restores positions. | V31: Drag-to-empty-bed spawn in page.tsx folds plateSpawn into the pending transform history. | W31: Partly — position is always 'after the last'; no explicit target needed. Snapshot reads active/selection refs. | X31: plates | Y31: G
A32: drop-plates | B32: dropPlates | C32: Removes named plates WITHOUT touching their models (for an arrange run about to move them all); shifts models on remaining beds with the relay; moves active plate to the first remaining one if it was dropped. Refuses (returns current) if nothing matches or all would go. No history: caller folds it. | D32: Yes | E32: Plates, phase 2 | F32: useSceneCollectionManager.ts:7847-7870 | G32: Reads: platesRef, modelsRef, activePlateIdRef Writes: platesRef, plates, modelsRef, models, support store, activePlateId, plateViewRunId | H32: No | I32: Mixed | J32: Mixed — filter + relay shift + active-plate fallback are pure; plumbing is synchronous ref writes (so arrange can read them in the same tick) and setState. | K32: modelsShiftedForRelaidPlates, shiftSupportsWithModels | L32: None | M32: None — CLI arrange (computeHighPrecisionArrangeUpdates) packs one plate; no multi-bed fill, no plate removal. | N32: None — folded by caller (useArrangeManager passes platesBefore/platesAfter to updateModelTransforms history) | O32: src/features/scene/arrange/useArrangeManager.ts (1151, 1432) | P32: S | Q32: Med | R32: High | S32: Same-tick ref contract with arrange is the real coupling; a pure 'plan the bed list then place' function returning plates+shifts would remove it. Can drop the first plate (unlike removePlate) — intended? | T32: dropPlates({ plates, models, footprint, ordering, plateIds, activePlateId }): { plates; activePlateId; modelShifts } | U32: Beds [1,2,3], drop [2]: plates [1,3], bed-3 models shift into slot 2, bed-2 models stay put; drop all: unchanged; drop active: active=first remaining and view run bumped. | W32: No (explicit plateIds) | X32: plates | Y32: G
A33: add-plates | B33: addPlates | C33: Appends `count` empty plates and returns { plates, added, offsets } — every bed's final cascade offset — so a multi-bed run can place models into beds that do not exist yet. Shifts relaid models; no history (caller folds it). | D33: Yes | E33: Plates, phase 2 | F33: useSceneCollectionManager.ts:7886-7917 | G33: Reads: platesRef, modelsRef, view3dSettings, plateOrderingRef Writes: plates, modelsRef, models | H33: No | I33: Mixed | J33: Mixed — new plates + offsets + relay are pure; plumbing is setState and the same-tick modelsRef write. Does NOT write platesRef and does NOT call shiftSupportsWithModels, unlike addPlate/dropPlates/removePlate. | K33: modelsShiftedForRelaidPlates, plateCascadeOffsetMm | L33: None | M33: None — no multi-bed arrange/duplicate in CLI. | N33: None — folded by caller (arrange, duplicate, paste/import spill) | O33: src/features/scene/arrange/useArrangeManager.ts (1153, 1434, 1752 duplicate ghosts); internal via addPlatesRef at 2785 (import spill), 5459 (paste), 6150 (paste/duplicate seats) | P33: S | Q33: Med | R33: Med — — confirm the missing support shift with a dynamic-ordering, 4->5 bed arrange where a supported model sits on bed 3 outside the run. | S33: Suspected bug: supports of models on a relaid bed are not shifted (no shiftSupportsWithModels), only under the dynamic ordering where adding re-lays. Also platesRef not updated, so a dropPlates->addPlates in one tick is fine only because dropPlates wrote it. Offsets duplicate computePlateFrames. | T33: addPlates({ plates, models, footprint, ordering, newPlates: {id,name}[] }): { plates; added; frames: PlateFrame[]; modelShifts } | U33: Dynamic, 4 beds, model+trunk on bed 3 not in the run; addPlates(1): model shifts; assert trunk shifts too (likely fails today). Fixed ordering: offsets for new beds = (col,row) pitch; count 0: returns current, no state change. | W33: No (count); positions always appended | X33: plates | Y33: G
A34: activate-plate | B34: activatePlate | C34: Makes a plate the one being worked on: clears selection and active model, sets activePlateId, bumps plateViewRunId so the camera slides there. Ignores unknown or already-active ids. | D34: Yes | E34: Plates, phase 2 | F34: useSceneCollectionManager.ts:7919-7932 | G34: Reads: platesRef, activePlateIdRef Writes: selectedModelIds, activeModelId, activePlateId, plateViewRunId | H34: No | I34: Mostly React | J34: Mostly React — a guard and four setStates; the only 'rule' is 'switching beds clears the selection'. | K34: None | L34: None | M34: None — VOXL scene.activePlateId is preserved on save but no command sets it; slice --plate selects without changing it. | N34: None (active plate is not a history step) | O34: src/components/organisms/panels/ModelsPanel.tsx (61), src/app/page.tsx (10832 SceneCanvas onActivatePlate) | P34: S | Q34: Low | R34: High | S34: Session/view state, not document content, except activePlateId which is saved in VOXL. A CLI 'scene set-active-plate' would be trivial. | T34: n/a (UI plumbing) — CLI equivalent: setActivePlate({ plates, plateId }): string | null | U34: Select a model on bed 1, activate bed 2: selection empty, active model null, view run +1; activate same bed: no change; unknown id: no change. | V34: ModelsPanel plate header then selects that plate's models right after (comment 7925-7927). | W34: No (explicit plateId) | X34: selection | Y34: G
A35: plate-frames | B35: plateFrames (+ plateFramesRef) | C35: Every plate's world rect and cascade offset, memoized from plates, footprint (width, depth, originMode) and ordering; mirrored into plateFramesRef for callbacks declared earlier. The single source the canvas, placement, bounds checks and slice scopes read. | D35: Yes | E35: Plates, phase 2 | F35: useSceneCollectionManager.ts:7940-7945 | G35: Reads: plates, view3dSettings, plateOrdering Writes: plateFramesRef.current | H35: No | I35: Mostly pure | J35: Mostly pure — already delegates entirely to computePlateFrames; plumbing is useMemo + ref mirror. | K35: plates/plateLayout.ts computePlateFrames (done per ADR-0045) | L35: Full | M35: Full — scene slice builds frames with computePlateFrames (originMode forced to 'center', ordering from VOXL extension, default DYNAMIC). Differs if the app used front_left origin. | N35: None | O35: src/components/scene/SceneCanvas/SceneCanvas.tsx (21 refs), src/app/page.tsx (12), src/features/scene/arrange/useArrangeManager.ts (4), src/components/organisms/panels/ExportPanelStack.tsx (5) | P35: S | Q35: Low | R35: High | S35: Done. Remaining issue: plateFramesRef is [] until first render commits, and between setPlates and re-render the ref is stale (callers like removePlate read plateFramesRef with the OLD layout, which is what they want). Five other sites in the hook still hand-roll plate rects (defaultImportCenterXY 2006, activePlateRect 2030, 2768, 2790, 6037, 6674, moveModelsToPlate, modelsShiftedForRelaidPlates). | T35: computePlateFrames({ plates, footprint, ordering }): PlateFrame[] (exists) | U35: Exists in plates/__tests__/plateLayout.test.ts. Add: front_left originMode CLI parity (CLI forces center). | W35: No | X35: plates | Y35: G
A36: resolve-model-plate-id | B36: resolveModelPlateId | C36: The plate a model stands on: frame containing its XY, else its stored plateId if that plate exists, else the first plate. Bound to the current plateFrames memo. | D36: Yes | E36: Plates, phase 2 | F36: useSceneCollectionManager.ts:7948-7951 | G36: Reads: plateFrames Writes: None | H36: No | I36: Mostly pure | J36: Mostly pure — a one-line wrapper over plateLayout.resolveModelPlateId (imported as plateIdForModel). Twin modelPlateId (1535) reads plateFramesRef instead of the memo. | K36: plates/plateLayout.ts resolveModelPlateId | L36: Full | M36: Full — scene slice uses resolveModelPlateId for its 'not sliced: stands on plate N' report. | N36: None | O36: src/features/scene/arrange/useArrangeManager.ts (6), src/components/controls/ModelManagerPanel.tsx (via prop), src/components/organisms/panels/ModelsPanel.tsx, src/components/scene/SceneCanvas/SceneCanvas.tsx, src/app/page.tsx | P36: S | Q36: Low | R36: High | S36: Done. Two hook wrappers (modelPlateId on the ref, resolveModelPlateId on the memo) may answer differently within a tick. | T36: resolveModelPlateId(model, frames) (exists; note: two positional args, not a params object as ADR rule 4 asks) | U36: Exists (plateLayout.test.ts). Add: edge-on-boundary between two adjacent frames is impossible (24mm gap) but a model exactly on maxX belongs to that plate. | W36: No (explicit model) | X36: plates | Y36: G
A37: model-plate-frame | B37: modelPlateFrame | C37: The PlateFrame of the plate a model stands on, falling back to the first frame. | D37: Yes | E37: Plates, phase 2 | F37: useSceneCollectionManager.ts:7954-7957 | G37: Reads: plateFrames Writes: None | H37: No | I37: Mostly pure | J37: Mostly pure — find over frames using resolveModelPlateId. | K37: resolveModelPlateId (plateLayout) | L37: None | M37: None — not needed by any command. | N37: None | O37: None found outside the hook (grep of src/ and scripts/); not used internally either | P37: S | Q37: Low | R37: High | S37: Dead returned key. Candidate for removal rather than extraction, or a two-line addition to plateLayout.ts. | T37: modelPlateFrame({ model, frames }): PlateFrame | undefined | U37: If kept: model on bed 2 -> frame 2; model off all beds with stale plateId of a deleted plate -> frame 1. | W37: No (explicit model) | X37: plates | Y37: G
A38: rename-plate | B38: renamePlate | C38: Sets a plate's name by id. | D38: Yes | E38: Plates, phase 2 | F38: useSceneCollectionManager.ts:7959-7961 | G38: Reads: plates (functional setState) Writes: plates | H38: No | I38: Mostly pure | J38: Mostly pure — a map over plates inside setPlates. | K38: None | L38: None | M38: None — no plate rename command; names survive a CLI save. | N38: None — deliberately (comment at 1476-1479: 'undoing a rename is not something the history is for'); setPlateName is the active-plate twin. | O38: src/components/organisms/panels/ModelsPanel.tsx (62), src/app/page.tsx (10834); tests removePlate.dom-test.tsx | P38: S | Q38: Low | R38: High | S38: Not blocked; trivially pure. Not refused on a locked plate (setPlateLocked locks edits, not names) — confirm intended. | T38: renamePlate({ plates, plateId, name }): ScenePlate[] | U38: Rename bed 2 'X': only bed 2 changes; unknown id: unchanged list; empty string allowed (placeholder shows 'Plate N'). | W38: No (explicit plateId) | X38: plates | Y38: G
A39: remove-plate | B39: removePlate | C39: Deletes a plate and every model standing on it (by position), as one history step. Refuses the first plate and the last remaining one. Beds after it slide down a slot with their models and supports; active plate falls back to the first remaining. | D39: Yes | E39: Plates, phase 2 | F39: useSceneCollectionManager.ts:7968-8020 | G39: Reads: platesRef, modelsRef, plateFramesRef, activePlateIdRef, activeModelIdRef, selectedModelIdsRef, support store Writes: platesRef, plates, modelsRef, models, support store, activePlateId, plateViewRunId, then via deleteModels: models, supports, selection; history | H39: No | I39: Mixed | J39: Mixed — the plan (guard, doomed = modelsOnPlate, remaining, next active, relay shift) is pure; plumbing is async deleteModels(pushHistory:false) + waitForUiYield before the after-snapshot, plus synchronous ref writes. | K39: modelsOnPlate (plateLayout), modelsShiftedForRelaidPlates, shiftSupportsWithModels, deleteModels, captureSceneSnapshot, pushSceneSnapshotHistory, deletePlateLabel | L39: None | M39: None — scene remove-model removes one model and its supports (roots/trunks/branches/leaves/braces only), no plate removal; CLI save keeps plates. | N39: One pushSceneSnapshotHistory(before, after, deletePlateLabel(n)) with includeSupportState:true, pushed after waitForUiYield; deleteModels told pushHistory:false | O39: src/app/page.tsx (10863 empty-bed trash, 11688 confirm dialog), src/components/organisms/panels/ModelsPanel.tsx (63); test removePlate.dom-test.tsx | P39: M | Q39: High | R39: Med — — check lock handling inside deleteModels and the support-kind coverage of the CLI remove path. | S39: Timing: the history push is fire-and-forget after a UI yield, so a quick second edit can interleave. deleteModels does geometry disposal/worker cleanup — only the plan is extractable. Lock not checked (deleteModels may check per model — not traced). | T39: planRemovePlate({ plates, models, frames, footprint, ordering, plateId, activePlateId }): { ok: false } | { ok: true; plates; activePlateId; deleteModelIds; modelShifts } | U39: Existing removePlate.dom-test: 4 beds, delete bed 2 -> c/d keep their plate ids, supports follow. Add: first plate -> false; only plate -> false; one undo restores bed, models, supports; active bed deleted -> active=first remaining. | W39: No (explicit plateId) | X39: plates | Y39: G
A40: delete-models-and-extra-plates | B40: deleteModelsAndExtraPlates | C40: Select-all delete: deletes the given models and, if no surviving model stands on a bed other than the first, every bed but the first, in one history step. Otherwise falls back to plain deleteModels. | D40: Yes | E40: Plates, phase 2 | F40: useSceneCollectionManager.ts:8034-8075 | G40: Reads: platesRef, modelsRef, activePlateIdRef, activeModelIdRef, selectedModelIdsRef, plateFramesRef (via modelPlateId) Writes: plates, activePlateId, plateViewRunId, models/supports via deleteModels, history | H40: No | I40: Mixed | J40: Mixed — the decision (which beds survive) is a few pure lines; the rest is async delete + waitForUiYield + snapshot. Does not shift models (none survive on extra beds, so no relay needed). | K40: modelPlateId (-> plateLayout.resolveModelPlateId), deleteModels, captureSceneSnapshot, pushSceneSnapshotHistory, DELETE_MODELS_AND_PLATES_LABEL | L40: None | M40: None — remove-model is single-model; no plate pruning. | N40: One pushSceneSnapshotHistory(..., DELETE_MODELS_AND_PLATES_LABEL) with support state; or deleteModels' own entry on fallback | O40: src/app/page.tsx (9443, 9462 — delete handlers registered via registerDeleteHandler when select-all is active) | P40: S | Q40: Med | R40: High | S40: Ordering hazard: setPlates(remaining) before deleteModels awaits; models on extra beds are briefly on a scene with one plate. Surviving hidden models on bed 1 keep the scene. Rule worth a pure 'platesLeftAfterDelete'. | T40: planDeleteModelsAndExtraPlates({ plates, models, frames, deleteIds }): { plates; activePlateId; deleteModelIds } (plates unchanged when a survivor stands off bed 1) | U40: 3 beds, all visible models selected -> 1 bed, 0 models, 1 undo entry; a hidden model on bed 2 not in ids -> beds kept, plain delete; 1 bed -> plain delete; undo restores all beds and active plate. | V40: registerDeleteHandler priority registry (page.tsx, priorities 30/20) + isSelectAllModelsActive page state decide which delete runs. | W40: No (explicit ids) — but the caller passes the selection or all models; the plate set to drop is implicit ('all but first'). | X40: plates | Y40: G
A41: move-models-to-plate | B41: moveModelsToPlate | C41: Moves models to another plate keeping their position relative to their bed: each is translated by (target offset - source offset) via updateModelTransform, then stamped with plateId. | D41: Yes | E41: Plates, phase 2 | F41: useSceneCollectionManager.ts:8082-8111 | G41: Reads: platesRef, modelsRef, plateOrderingRef, view3dSettings, plateFramesRef (via modelPlateId) Writes: models (transform + plateId), supports (via updateModelTransform), possibly activePlateId/plateViewRunId (updateModelTransform follow-landed-plate) | H41: No | I41: Mixed | J41: Mixed — offset delta per model is pure; applying goes through updateModelTransform (lock checks, support transforms, follow-plate) model by model, then a separate setModels to stamp plateId. | K41: plateCascadeOffsetMm, modelPlateId (plateLayout), updateModelTransform | L41: None | M41: None — transform-model writes a position directly; no plate-relative move. | N41: None — no commitModelTransformHistory call, so the move is not undoable. | O41: None in app code; only tests (removePlate.dom-test.tsx, slicedPlates.dom-test.tsx) | P41: S | Q41: Med | R41: High | S41: Test-only API with no undo and per-model updateModelTransform (each may follow a landed plate and bump the camera; a locked target refuses the move but plateId is still stamped). Clear headless candidate: it is exactly what a CLI 'scene move-to-plate' would do. Hand-rolls offsets instead of frames. | T41: moveModelsToPlate({ models, frames, modelIds, plateId }): { id; position: {x,y,z}; plateId }[] | U41: Dynamic 2 beds 200x100: model at (10,5) on bed 1 -> bed 2 at (234,5), plateId=bed2; already on target: unchanged; unknown plate: no-op; locked target: model stays AND plateId not stamped (fails today?). | W41: No (explicit ids and plateId) | X41: plates | Y41: G
A42: active-plate-name-and-lock | B42: plateName, setPlateName, plateLocked, setPlateLocked, isPlateLocked, isModelPlateLocked (returned, defined 1497-1545) | C42: Active-plate name and setter (edits whichever plate is active), and per-plate session locks: whether the active plate is locked, lock/unlock the active plate, ask about one plate or about the plate a model stands on. | D42: Yes | E42: Plates, phase 2 | F42: useSceneCollectionManager.ts:8117-8118, 8138-8141 (defined 1497-1545) | G42: Reads: plates, activePlateIdRef, lockedPlateIds(+Ref), plateFramesRef Writes: plates (name), lockedPlateIds | H42: Yes | I42: Mostly React | J42: Mostly React — setters; isModelPlateLocked reuses plateLayout.resolveModelPlateId. | K42: resolveModelPlateId (plateLayout) | L42: None | M42: None — locks are session-only (not saved); name survives CLI save. | N42: None (name and locks are not history) | O42: plateName: page.tsx, SceneCanvas, SlicingPanel, ExportPanel, useSceneAutosave; setPlateName: page.tsx; plateLocked: page.tsx, SceneCanvas, SceneEnvironment; isPlateLocked: useArrangeManager.ts; isModelPlateLocked: page.tsx, SceneCanvas | P42: S | Q42: Low | R42: High | S42: Definitions are outside this range (another row group owns them); listed so the return-object coverage is complete. setPlateName duplicates renamePlate with an implicit target. | T42: n/a (UI plumbing); use renamePlate({ plates, plateId, name }) | U42: Lock bed 2, drag a model from bed 1 onto bed 2: refused, onBlockedByLock(bed2). | V42: onBlockedByLock option from page.tsx shows a timed notice. | W42: Yes — setPlateName and setPlateLocked act on the active plate | X42: plates | Y42: G
A43: plate-state-passthrough | B43: plates, activePlateId, plateViewRunId, plateOrdering (returned state) | C43: Plate document state (plates list, active plate id), a counter that tells the canvas to slide the camera to the active plate, and the layout grid setting (from the multi-plate settings store). | D43: Yes | E43: Plates, phase 2 | F43: useSceneCollectionManager.ts:8119-8131 (state declared 1480-1490, 1883-1888) | G43: Reads: React state; multiPlateSettings via useSyncExternalStore Writes: None (read-only exposure) | H43: Yes | I43: Mostly React | J43: Mostly React — passthrough state. | K43: plateOrderingFor (components/settings/multiPlatePreferences.ts) | L43: Partial | M43: Partial — VOXL scene.plates/activePlateId and the plateOrdering extension are read and preserved by the CLI save; no command edits them. | N43: plates/activePlateId captured in snapshots when the step includes plates; plateViewRunId and plateOrdering never. | O43: activePlateId: page.tsx (24), useArrangeManager.ts (20), SceneCanvas.tsx (10), ExportPanel.tsx, ModelManagerPanel.tsx, useSceneAutosave.ts; plateViewRunId: page.tsx -> SceneCanvas.tsx; plateOrdering: page.tsx, SceneCanvas.tsx, useSceneAutosave.ts | P43: S | Q43: Low | R43: High | S43: plateOrdering lives in a global settings store but is saved per-file as a VOXL extension — split ownership (setting vs document). | T43: n/a (UI plumbing) | U43: Autosave round trip: plates, activePlateId, plateOrdering extension survive save/load and CLI save. | V43: useSceneAutosave persists plateOrdering + plates; ExportManager writes the plateOrdering extension. | W43: n/a | X43: plates | Y43: G
A44: set-model-visibility | B44: setModelVisibility | C44: Shows/hides one model; no-op if unchanged; one undo step. Hidden models are skipped by the viewer and by slicing/export paths. | D44: Yes | E44: Model fields (quick wins) | F44: useSceneCollectionManager.ts:4082-4094 | G44: Reads: modelsRef, activeModelIdRef, selectedModelIdsRef Writes: models (visible), history | H44: No | I44: Mostly pure | J44: Mostly pure — a one-field map; snapshot/history is plumbing. | K44: captureSceneSnapshot, showModelLabel/hideModelLabel | L44: None | M44: None — VOXL has `visible` and CLI slice/arrange/export filter on it, but no command sets it (only add-model writes true). | N44: Snapshot pair (no support state), label show/hide <name> | O44: src/components/organisms/panels/ModelsPanel.tsx:82 (onVisibilityChange); dom tests sceneEditHistory, slicedPlates | P44: S | Q44: Low | R44: High | S44: No blocker. No plate-lock check (lock blocks selection, not visibility) — confirm intended. | T44: setModelsVisibility({ models: {id, visible}[], ids: string[], visible: boolean }): { changedIds: string[] } | U44: Hide then undo restores visible; same value -> no history; CLI parity: a `scene set-visibility` must change only `visible` and keep plates/meta. | W44: No (explicit id) | X44: scene-models | Y44: C
A45: rename-model | B45: renameModel | C45: Renames one model; no-op if unchanged; one undo step. No trimming/empty-name validation. | D45: Yes | E45: Model fields (quick wins) | F45: useSceneCollectionManager.ts:4166-4178 | G45: Reads: modelsRef, activeModelIdRef, selectedModelIdsRef Writes: models (name), history | H45: No | I45: Mostly pure | J45: Mostly pure — one-field map; snapshot/history plumbing. | K45: captureSceneSnapshot, renameLabel | L45: None | M45: None — no rename command (add-model takes --name only at creation). | N45: Snapshot pair (no support state), label renameLabel(oldName) | O45: src/app/page.tsx:5678 (handleRenameModel); dom tests sceneEditHistory, mirrorHistory | P45: S | Q45: Low | R45: High | S45: None. | T45: renameModel({ models: {id, name}[], id, name }): { changed: boolean, previousName?: string } | U45: Rename then undo; same name -> no history; empty string currently accepted (pin). | W45: No (explicit id) | X45: scene-models | Y45: C
A46: set-mesh-color | B46: setMeshColor | C46: Sets the preferred mesh colour (persisted in appearance settings) and, if there is an active model with a different colour, recolours that model (including repainting its vertex colours) as one undo step. | D46: Yes | E46: Model fields (quick wins) | F46: useSceneCollectionManager.ts:7088-7104 | G46: Reads: modelsRef, activeModelId (state, in closure), activeModelIdRef, selectedModelIdsRef Writes: preferredMeshColor (-> localStorage appearance effect), models[active].color, geometry 'color' attribute (paintModelBaseColor mutates THREE geometry in place), history | H46: Yes | I46: Mixed | J46: Mixed — rule is clampHexColor + map one model's color; paintModelBaseColor mutates shared THREE geometry; preference write is UI. | K46: clampHexColor (module fn 609), paintModelBaseColor (473) -> clearPaintToBase | L46: None | M46: None — no colour command; add-model hardcodes '#a3a3a3', duplicate copies colour. | N46: pushSceneSnapshotHistory(before, after, colorModelLabel(name)); applySceneSnapshot repaints vertex colours on undo because geometry is shared. | O46: src/app/page.tsx (onMeshColorChange prop ~10411); test: sceneEditHistory.dom-test.tsx | P46: S | Q46: Low | R46: High | S46: Couples a viewer preference with a model edit. Uses activeModelId from state but other refs from refs (mixed staleness). Vertex-colour repaint is a THREE side effect that must stay in the app. | T46: setModelColor({ models: Array<{id,color}>, modelIds: string[], color: string, fallback: string }): { changes: Array<{ id, before, after }> } | U46: Invalid hex -> DEFAULT_MESH_COLOR; same colour -> no history; active model with vertex colours -> geometry repainted and undo restores; no active model -> only preference changes. | V46: preferredMeshColor feeds the mesh appearance localStorage effect (~1953) and the shader registry. | W46: Yes: activeModelId | X46: scene-models | Y46: E
A47: set-mesh-visible | B47: setMeshVisible | C47: Shows or hides the active model (delegates to setModelVisibility with an undo step). | D47: Yes | E47: Model fields (quick wins) | F47: useSceneCollectionManager.ts:7106-7110 | G47: Reads: activeModelId Writes: via setModelVisibility: models[].visible, history | H47: Yes | I47: Mostly React | J47: Mostly React — a context-to-explicit-id adapter. | K47: setModelVisibility (4082) | L47: None | M47: None — no visibility command (visible is read by slice/arrange). | N47: Via setModelVisibility: pushSceneSnapshotHistory showModelLabel/hideModelLabel | O47: No callers found outside the hook (grep for setMeshVisible in src/ returns only the hook) — likely dead | P47: S | Q47: Low | R47: Med — — verify no dynamic access via scene[...] | S47: Dead compat wrapper; real rule lives in setModelVisibility (other range). | T47: n/a (UI plumbing; use setModelsVisible({ modelIds, visible })) | U47: Covered by setModelVisibility tests. | W47: Yes: activeModelId | X47: scene-models | Y47: E
A48: toggle-support-designation | B48: toggleSupportDesignation | C48: Marks the given models as support geometry or as normal models (isSupportGeometry flag), as one undo step; no-op if nothing changes. | D48: Yes | E48: Model fields (quick wins) | F48: useSceneCollectionManager.ts:7112-7135 | G48: Reads: models (render state), activeModelId, selectedModelIds Writes: models[].isSupportGeometry, history | H48: No | I48: Mostly pure | J48: Mostly pure — the map is pure; reads render-state `models` not modelsRef (stale-closure risk vs. sibling functions using refs). | K48: None | L48: None | M48: None — no command; field round-trips in VOXL and is used by `scene slice` to split model/support triangles. | N48: pushSceneSnapshotHistory(before, after, MARK_AS_SUPPORT_LABEL | MARK_AS_MODEL_LABEL) | O48: src/app/page.tsx x2 (context menu mark-support / mark-model ~6369, ~6378); test voxlSupportDesignation.test.ts re-implements the rule inline (not a parity test) | P48: S | Q48: Med | R48: High | S48: Easy. Changes slicing output (support-classified models are sliced as support range), so needs a check:scene-slice case. | T48: setSupportDesignation({ models: Array<{ id, isSupportGeometry? }>, modelIds: string[], isSupport: boolean }): { changedIds: string[] } | U48: Already-matching ids -> no history; mixed ids -> only differing ones change but all targets set; unknown ids ignored; empty -> no-op. Replace the inline test copy with the extracted function. | W48: No — explicit modelIds | X48: scene-models | Y48: E
A49: link-models | B49: linkModels | C49: Links 2+ models together under a new linkGroupId (linked models follow each other's transforms elsewhere), one undo step. Overwrites any previous link group of those models. | D49: Yes | E49: Model fields (quick wins) | F49: useSceneCollectionManager.ts:7137-7161 | G49: Reads: modelsRef, activeModelIdRef, selectedModelIdsRef Writes: models[].linkGroupId, history | H49: No | I49: Mostly pure | J49: Mostly pure — uuid + map; refs for snapshot only. | K49: None | L49: None | M49: None — no link command (linkGroupId round-trips in VOXL). | N49: pushSceneSnapshotHistory(before, after, linkModelsLabel(n)) | O49: src/app/page.tsx (context menu 'link-models' ~6387); test linkGroupTransformPropagation.test.ts (propagation, not this fn) | P49: S | Q49: Low | R49: High | S49: Relinking leaves the remainder of the old group; a group of 1 may survive (unlinkModels prunes that, linkModels does not). Id generation must be injected for parity. | T49: linkModels({ models: Array<{ id, linkGroupId? }>, modelIds: string[], newLinkGroupId: string }): { patches: Array<{ id, linkGroupId }> } | U49: <2 ids -> no-op; [a,b] from groups {a,c} -> a,b in new group, c left alone in old group as singleton (pin current behaviour); unknown ids ignored but count needs >=2 found. | V49: Link propagation of transforms lives elsewhere (transform paths reading linkGroupId). | W49: No — explicit ids | X49: linking | Y49: E
A50: unlink-models | B50: unlinkModels | C50: Removes the given models from their link groups, then dissolves any affected group left with fewer than 2 members; one undo step. | D50: Yes | E50: Model fields (quick wins) | F50: useSceneCollectionManager.ts:7163-7199 | G50: Reads: modelsRef, activeModelIdRef, selectedModelIdsRef Writes: models[].linkGroupId, history | H50: No | I50: Mostly pure | J50: Mostly pure — pure map/filter; refs only for snapshot. | K50: None | L50: None | M50: None | N50: pushSceneSnapshotHistory(before, after, unlinkModelsLabel(n)) | O50: src/app/page.tsx (context menu 'unlink-models' ~6396) | P50: S | Q50: Low | R50: High | S50: None significant. | T50: unlinkModels({ models: Array<{ id, linkGroupId? }>, modelIds: string[] }): { patches: Array<{ id, linkGroupId: undefined }> } | U50: Group {a,b,c} unlink a -> b,c stay; unlink a,b -> c also cleared; ids without link -> no-op, no history. | W50: No — explicit ids | X50: linking | Y50: E
A51: group-models | B51: groupModels | C51: Puts the given models in one folder-style group (groupId + groupName on each model). Reuses a common existing groupId if all targets already share one; name defaults to first existing groupName or first model's name. Adds the targets to the selection and makes the first active if none. Returns the groupId. | D51: Yes | E51: Grouping | F51: useSceneCollectionManager.ts:4180-4203 | G51: Reads: modelsRef, activeModelIdRef, selectedModelIdsRef Writes: models (groupId/groupName), activeModelId, selectedModelIds; scene history | H51: No | I51: Mostly pure | J51: Mostly pure — all logic is in applyModelGrouping; the hook only reads refs, mints `group-${uuid}`, sets 3 states and pushes a snapshot. | K51: modelGroupingHistory.ts applyModelGrouping | L51: Partial | M51: Partial — `scene group --ids --name` writes a separate record into doc.extensions.groups ({id,name,modelIds}) instead of model.groupId/groupName; defaults name to 'Group'; no reuse of existing group, no validation that ids exist. The app never reads extensions.groups and never saves groupId/groupName at all (VoxlModelEntry has no such fields), so the two models of 'a group' are disjoint. | N51: pushSceneSnapshotHistory, full scene snapshot (no supports), label groupModelLabel/groupModelsLabel from the helper | O51: src/app/page.tsx (handleGroupSelectedModels -> ModelsPanel/ModelManagerPanel onGroupModels); sceneEditHistory.dom-test.tsx | P51: S | Q51: Low | R51: High | S51: Rule already pure. Blocker is the data model: grouping is not persisted in VOXL by the app, and the CLI's persisted form differs. Decide one representation before parity is possible. Selection side-effect should become optional output, not part of the rule. | T51: applyModelGrouping({ models: GroupableModel[], modelIds, groupId, groupName?, activeModelId, selectedModelIds }) => GroupingTransition (exists; CLI should call it with selection from doc.scene) | U51: Pin (exists in modelGroupingHistory.test.ts, extend): 2 ungrouped ids -> new groupId, name = first model name; ids all in group G -> reuses G; blank/whitespace name falls back; unknown ids -> changed=false; selection gains ids; activeModelId kept if set. Add VOXL round-trip test showing groupId/groupName are currently dropped on save. | V51: ModelManagerPanel context menu only; no hotkey found (no 'g' handler in page.tsx). | W51: No (explicit modelIds); but the result also mutates selection/active from context | X51: grouping | Y51: D
A52: list-groups | B52: (none in hook; derived in ModelManagerPanel from model.groupId) | C52: There is no list-groups operation in the hook. The UI derives folders by bucketing models on groupId (ModelManagerPanel.tsx:144). CLI `scene list-groups` reads extensions.groups. | D52: No | E52: Grouping | F52: useSceneCollectionManager.ts:4180-4241 | G52: Reads: models[].groupId/groupName Writes: none | H52: No | I52: Mostly React | J52: Mostly React — bucketing lives in a component. | K52: None | L52: Partial | M52: Partial — `scene list-groups` lists extensions.groups, which the app never writes, so on an app-saved scene it always reports 0 groups. | N52: None | O52: src/components/controls/ModelManagerPanel.tsx | P52: S | Q52: Low | R52: High | S52: Needs a pure listGroups(models) once groups are persisted on models. | T52: listModelGroups({ models: { id; groupId?; groupName? }[] }) => { groupId; name; modelIds: string[] }[] | U52: Models with mixed groupIds -> ordered buckets; name from first non-empty groupName. | W52: No | X52: grouping | Y52: D
A53: ungroup-models | B53: ungroupModels | C53: Removes groupId/groupName from the given models (only those currently grouped). Leaves other members of the same group grouped. | D53: Yes | E53: Grouping | F53: useSceneCollectionManager.ts:4205-4222 | G53: Reads: modelsRef, activeModelIdRef, selectedModelIdsRef Writes: models; scene history | H53: No | I53: Mostly pure | J53: Mostly pure — logic in applyModelUngrouping; hook is ref reads + setModels + history. | K53: modelGroupingHistory.ts applyModelUngrouping | L53: None | M53: None — CLI `scene ungroup` only takes --group-id (whole group); there is no per-model ungroup. And it edits extensions.groups, not model fields. | N53: pushSceneSnapshotHistory snapshot, label ungroupLabel/ungroupModelsLabel | O53: src/app/page.tsx handleUngroupSelectedModels -> ModelManagerPanel onUngroupModels | P53: S | Q53: Low | R53: High | S53: Already pure. A one-member group can be left behind (ungrouping 1 of 2 leaves a single-member group) — decide if that should dissolve, like link groups do on delete. | T53: applyModelUngrouping({ models, modelIds, activeModelId, selectedModelIds }) => GroupingTransition (exists) | U53: Ungroup 1 of a 3-member group -> others keep groupId; ids with no groupId -> changed=false; selection/active unchanged. | W53: No | X53: grouping | Y53: D
A54: ungroup-group | B54: ungroupGroup | C54: Dissolves a whole group by id: clears groupId/groupName on every member. | D54: Yes | E54: Grouping | F54: useSceneCollectionManager.ts:4224-4241 | G54: Reads: modelsRef, activeModelIdRef, selectedModelIdsRef Writes: models; scene history | H54: No | I54: Mostly pure | J54: Mostly pure — applyModelGroupUngrouping does the work. | K54: modelGroupingHistory.ts applyModelGroupUngrouping | L54: Partial | M54: Partial — `scene ungroup --group-id` filters extensions.groups; same semantics on a different storage; silently succeeds on unknown id. | N54: pushSceneSnapshotHistory snapshot, label ungroupLabel(groupName) or ungroupModelsLabel(n) | O54: src/app/page.tsx handleUngroupFolder -> ModelManagerPanel onUngroupGroup | P54: S | Q54: Low | R54: High | S54: Already pure; storage mismatch with CLI is the only blocker. | T54: applyModelGroupUngrouping({ models, groupId, activeModelId, selectedModelIds }) => GroupingTransition (exists) | U54: Group of 3 -> all cleared; unknown groupId -> changed=false; label uses trimmed group name. | W54: No | X54: grouping | Y54: D
A55: rename-group | B55: renameGroup | C55: Sets groupName (trimmed) on every member of a group. No-op for blank names, unknown groups, or when all members already have that name. | D55: Yes | E55: Grouping | F55: useSceneCollectionManager.ts:4712-4729 | G55: Reads: modelsRef, activeModelIdRef, selectedModelIdsRef Writes: models; scene history | H55: No | I55: Mostly pure | J55: Mostly pure — the map/guard (4713-4723) is a pure rule written inline; rest is snapshot plumbing. | K55: None (not in modelGroupingHistory.ts, though it belongs there) | L55: None | M55: None — no rename-group command; CLI groups have a name only at creation. | N55: pushSceneSnapshotHistory, label renameLabel(old group name) | O55: src/app/page.tsx handleRenameFolder; sceneEditHistory.dom-test.tsx | P55: S | Q55: Low | R55: High | S55: Trivial to move into modelGroupingHistory.ts as applyGroupRename. | T55: applyGroupRename({ models: GroupableModel[], groupId, name }) => { models; changed; description? } | U55: ' New ' trims; '' -> unchanged; unknown id -> unchanged; same name -> unchanged (no history entry); label uses OLD name. | W55: No | X55: grouping | Y55: D
A56: chunk-store-bake | B56: exportManager, scheduleIdleTask, scheduleModelChunkBake, scheduleChunkStoreSweep, chunkStoreSweepPending | C56: Copy-on-write mesh chunk store upkeep: lazily loads ExportManager and, in idle time, bakes one model's encoded mesh chunk after a geometry change, or sweeps the whole scene (retain live ids, bake missing) coalesced to one run. | D56: No | E56: Save input (export-save) | F56: useSceneCollectionManager.ts:1331-1398 | G56: Reads: models list (via getter) Writes: ExportManager chunk store (module) | H56: No | I56: Mostly React | J56: Mostly React — idle callbacks, dynamic import, module flag. | K56: ExportManager.bakeModelGeometryChunk / retainModelChunks | L56: None | M56: None — CLI writes meshes directly. | N56: None | O56: internal: scheduleModelChunkBake 3661; sweep via effect 1598; exportManager also 4757 | P56: S | Q56: Low | R56: High | S56: Timing/caching only; the save is authoritative via geometry signature. | T56: n/a (UI plumbing) | U56: n/a (cache) | V56: Module-level chunkStoreSweepPending flag shared across hook instances. | W56: No | X56: export-save | Y56: A
A57: voxl-format-chunked-ref | B57: lastLoadedVoxlFormatChunkedRef | C57: Remembers whether the last loaded .voxl used the chunked 3.1 layout so autosave keeps an older file's format (defaults true). | D57: Yes | E57: Save input (export-save) | F57: useSceneCollectionManager.ts:1584-1588 | G57: Reads: set in handleImportVoxlFile 6343 Writes: ref | H57: Yes | I57: Mostly React | J57: Mostly React — ref used as a side channel between managers. | K57: None | L57: Partial | M57: Partial — CLI always writes serializeVoxlDocumentV2 regardless of source format. | N57: None | O57: useImportExportManager.ts:174, 380 | P57: S | Q57: Med | R57: High | S57: Mutable ref returned from a hook to another hook: should be a field of the import result. | T57: n/a (should be returned by the import function: { sourceVersion }) | U57: Load a 3.0 file then autosave -> still 3.0; load 3.1 -> 3.1; fresh scene -> chunked. | V57: Import/export manager reads it 'right after a load' — timing-dependent. | W57: n/a | X57: export-save | Y57: A
A58: chunk-store-sweep-effect | B58: useEffect -> scheduleChunkStoreSweep | C58: Whenever the models array changes and is non-empty, schedules a coalesced idle sweep of the mesh chunk store. | D58: No | E58: Save input (export-save) | F58: useSceneCollectionManager.ts:1594-1601 | G58: Reads: models Writes: chunk store (via scheduleChunkStoreSweep) | H58: No | I58: Mostly React | J58: Mostly React — effect + idle timer. | K58: scheduleChunkStoreSweep | L58: None | M58: None | N58: None | O58: internal effect | P58: S | Q58: Low | R58: High | S58: Cache upkeep only. | T58: n/a (UI plumbing) | U58: n/a | V58: Empty scene never releases chunks (returns early when models.length === 0). | W58: No | X58: export-save | Y58: A
A59: save-export-voxl | B59: ExportManager.exportVoxl | C59: The app's VOXL writer front end: snapshots supports (scoped to the given models when any are given; emptied if includeSupports=false), builds one MODL entry per model (transform, resolved meshModifiers, plateId, classification when it addresses the stored soup, originalRef, sourcePath, nativePreview, geometryStale), mesh bytes from meshChunkStore (precompressed, with SHA so duplicates dedup), ORIG chunks, plates/activePlateId/printer/plateOrdering/thumbnail; streams atomically to disk or falls back to buffered download. | D59: No | E59: Save input (export-save) | F59: ExportManager.ts:1120-1454 | G59: Reads: ExportSceneContext (models, activeModelId, selectedModelIds, plates, activePlateId, printer, plateOrdering, thumbnail), support store getSnapshot, meshChunkStore (preview + original), meshModifier store Writes: file on disk (atomic temp+rename) or browser download; fingerprint callback | H59: No | I59: Mixed | J59: Mixed — MODL entry building (~100 lines) is pure over LoadedModel + chunk store; the rest is THREE geometry, chunk store awaits, Tauri streaming write. | K59: serializeVoxlDocumentV2(Streaming) (voxl/codec-v2 prepareVoxlDocumentV2), buildSupportExportFromStores, buildScopedSupportExportDocument, resolveModelMeshModifiers, reportAddressesTriangleSoup | L59: Partial | M59: Partial — CLI saveVoxl → toBuildInput passes models verbatim (all MODL fields survive), plates, activePlateId, printer, extensions, generator; but no sha256Map (dedup lost, duplicates each get a MESH chunk) and no originalMeshBytes (ORIG chunks dropped while originalRef still says embedded-chunk). | N59: None | O59: internal: ExportManager.exportScene (format 'voxl') ← page.tsx performTopBarSaveScene, ExportPanel.handleExport/exportGroupsToDirectory, useSceneAutosave.performAutosave | P59: M | Q59: High | R59: High | S59: Extract 'LoadedModel + chunk info -> VoxlModelRuntimeLike' and 'scene context -> BuildVoxlDocumentInput' as pure fns so app and CLI build the same writer input; the CLI then needs a VoxlModelEntry passthrough variant that keeps ORIG bytes and SHAs. | T59: buildVoxlSaveInput({ models: Array<VoxlModelRuntimeLike>, scene: { activeModelId, selectedModelIds, plates?, activePlateId?, plateOrdering? }, printer?, supports, thumbnailPng? }): BuildVoxlDocumentInput | U59: Round trip: app-shaped input with 2 plates, printer, plateOrdering 'grid', a dedup duplicate, an ORIG chunk and a hollowed model -> serialize -> parse -> toBuildInput -> serialize -> parse: every MODL field, plates, activePlateId, meta.printer, extensions, chunk counts (MESH, ORIG, HSRC/CAVT) equal. | V59: meshChunkStore is fed by geometry mutations elsewhere (bakeModelGeometryChunk) and by VOXL load ('original' slot) — save correctness depends on bakes having run. | W59: No — everything comes in through sceneContext; but WHICH fields arrive depends on the caller (see save-* rows). | X59: export-save | Y59: F
A60: save-export-scene-dispatch | B60: ExportManager.exportScene | C60: Entry for every save/export: picks the native save path first (or uses the given one; web falls back to download), routes 'voxl' to exportVoxl, else collects model group + supports (scoped by model ids) + per-model raft meshes and writes binary STL or 3MF. | D60: No | E60: Save input (export-save) | F60: ExportManager.ts:893-1082 | G60: Reads: THREE model/support objects, support store, raft settings (global and per model), sceneContext.models Writes: file / download | H60: Yes | I60: Mostly React | J60: Mostly React — native dialogs and THREE scene graph serialisation; raft footprint building is the only rule. | K60: pickSavePathWithNativeDialog, buildScopedSupportGeometryGroup, buildRaftFootprintMeshes, collectModelPlateFootprint, buildBinaryStl, export3mf | L60: Partial | M60: Partial — `scene export-stl` merges VISIBLE models of ALL plates from external STL files in --mesh-dir (ignores embedded mesh bytes, so an app-saved scene needs the original STLs on disk), recentres each mesh on its bbox, no supports, no raft, no plate scoping; app STL export is per active model/plate/all, includes supports and optional raft. | N60: None | O60: page.tsx:4586, ExportPanel.tsx:372 and 452, useSceneAutosave.ts:580 | P60: L | Q60: High | R60: High | S60: The CLI export-stl and the app disagree on mesh source and on scope; a shared 'which models + which transform matrix' rule (plate scope from plateLayout) would make them comparable. Supports/raft geometry need THREE. | T60: selectExportModels({ models: Array<{ id, visible, plateId?, transform }>, scope: 'active_model'|'current_plate'|'all', activeModelId?, plate?: PlateFrame, frames }): string[] | U60: Two-plate scene, cube per plate: app 'current plate' STL vs CLI export-stl -> today CLI writes 24 tris, app 12 (pin); with embedded-only meshes CLI export-stl fails without --mesh-dir STLs (pin). | W60: Raft settings read from global store per model; STL export bakes scene transforms via live THREE objects | X60: export-save | Y60: F
A61: save-export-panel | B61: ExportPanel.handleExport / exportGroupsToDirectory (VOXL format) | C61: Export panel VOXL bundle: writes the scoped models (active model / current plate / all) with selection filtered to scope and plates from plateGroups + activePlateId, but no printer bundle and no plateOrdering; 'per plate' and 'separate' write one VOXL per group with no plates, no printer, no ordering, no thumbnail. | D61: No | E61: Save input (export-save) | F61: ExportPanel.tsx:335-490 (VOXL context at 380-395 and 458-463) | G61: Reads: models, scope, plateGroups, activePlateId, selectedModelIds, thumbnail capture Writes: files | H61: Yes | I61: Mostly React | J61: Mostly React — scope filtering and context building are small pure pieces. | K61: ExportManager.exportScene, resolvePlateOutputBaseName | L61: None | M61: None — no CLI export of a sub-scene to VOXL. | N61: None | O61: ExportPanel buttons (749-752); ExportPanelStack.tsx:125 supplies plateGroups | P61: M | Q61: Med | R61: Med — — confirm per-plate VOXL reopen behaviour | S61: Per-plate VOXL files keep world positions of plate N (not shifted to plate 1) and carry no plate list, so reopening puts plate-N models off every bed and triggers the placement prompt. | T61: buildPlateExportScenes({ models, plates: PlateFrame[], ordering }): Array<{ plateId, models: shifted-to-origin transforms }> | U61: Per-plate VOXL of plate 2 reopened in an empty one-plate scene -> today the model is off-bed (pin); bundle VOXL lacks meta.printer (pin). | W61: Scope from panel state (active model / active plate) | X61: export-save | Y61: F
A62: save-cli-tobuildinput | B62: CLI toBuildInput / saveVoxl (scripts/dragonfruit-ts-cli.ts) | C62: CLI save: re-serialises the in-memory VoxlDocumentV1 with models verbatim, scene cursor, plates, activePlateId, supports, extensions and meta generator/version/printer, plus mesh bytes by model index from the last load. | D62: No | E62: Save input (export-save) | F62: dragonfruit-ts-cli.ts:85-114 | G62: Reads: LOADED_MESH_BYTES (module global), doc Writes: file (non-atomic writeFileSync) | H62: Yes | I62: Mostly pure | J62: Mostly pure — apart from the module global and the sync write. | K62: serializeVoxlDocumentV2 | L62: Full | M62: Full — this IS the CLI save; gaps vs app: no sha256Map (dedup lost), LOADED_ORIG_BYTES never passed (ORIG chunks dropped, originalRef left pointing at embedded-chunk), meta.createdAt reset (also in app), non-atomic write. | N62: None | O62: every mutating CLI command (create, add-model, remove-model, transform-model, duplicate, arrange, group, ungroup, center-xy, place-on-platform, support *) | P62: S | Q62: High | R62: Med — — ORIG loss and dedup loss are read from code; run the round-trip test to confirm | S62: Pass originalMeshBytes (index-keyed) and a sha map built from parse (mesh.sha256 or hash of bytes) into serialize options; then a round-trip parity test against an app-written file. | T62: voxlDocumentToBuildInput({ document: VoxlDocumentV1, meshBytes: Map<string,Uint8Array>, originalMeshBytes?: Map<string,Uint8Array> }): { input: BuildVoxlDocumentInput, meshBytes: Map<number,Uint8Array>, options: { sha256Map, originalMeshBytes } } | U62: App-shaped file with ORIG chunk and 3 dedup copies -> CLI transform-model (no-op) -> parse: ORIG count 1 and MESH count 1 expected; today likely ORIG 0 and MESH 3. | W62: Module-global LOADED_MESH_BYTES / LOADED_ORIG_BYTES from the last loadVoxl | X62: export-save | Y62: F
A63: save-topbar-ctrl-s | B63: performTopBarSaveScene (page.tsx) | C63: Ctrl+S / Save As: captures a thumbnail with cross-section clipping off, then saves VOXL with the scene's plates, activePlateId, plateName, printer bundle and plateOrdering — but only the VISIBLE models when any model is visible (and, through scoping, only their supports). Updates the active scene path, deletes the old autosave sidecar on Save As, shows a toast. | D63: No | E63: Save input (export-save) | F63: page.tsx:4557-4654 | G63: Reads: scene.models, activeModelId, selectedModelIds, plates, activePlateId, plateName, voxlPrinterBundle, plateOrdering, activeSceneFilePath, thumbnail runner ref Writes: file, activeSceneFilePath, loadedSceneSaveSource, preferredOverwriteScenePathRef, autosave sidecar (delete), toast | H63: Yes | I63: Mostly React | J63: Mostly React — the only rule is the model scope (visible-else-all), which belongs in a pure save-input builder. | K63: ExportManager.exportScene | L63: Partial | M63: Partial — CLI save keeps all models incl. hidden; app Ctrl+S drops hidden models and their supports from the file, while autosave keeps them (so recovery and the saved file differ). | N63: None | O63: page.tsx:4739, 4762 (queued saves), 4869 (save choice flow); Ctrl+S hotkey + top-bar Save | P63: S | Q63: High | R63: Med — — confirm hidden-model drop on Ctrl+S in the running app and whether it is intended | S63: useCallback deps list (4654) omits scene.plates, activePlateId, plateName, voxlPrinterBundle, plateOrdering — a stale closure could write old plates/printer (React Compiler is on, which may or may not re-memoize). | T63: sceneSaveContext({ models, includeHidden: boolean, scene: { activeModelId, selectedModelIds, plates, activePlateId, plateOrdering }, printer? }): ExportSceneContext-like plain data | U63: Scene with one hidden model + its supports: Ctrl+S file lacks it (pin current), autosave file has it; rename plate then Ctrl+S without touching models: saved plate name is the new one. | V63: Hotkey registration for Ctrl+S (docs/dev/hotkeys.md) and the scene-save-choice modal route here. | W63: Model set = visible models (hidden ones dropped); everything else from current scene state | X63: export-save | Y63: F
A64: save-autosave | B64: useSceneAutosave.performAutosave | C64: Periodic/dirty-triggered save of ALL models to the autosave path (beside the project), with plates, activePlateId, plateOrdering, plateName, printer; preserves pre-3.1 inline layout unless it fails (then upgrades and latches), reuses unchanged chunks and skips the write when the fingerprint matches; writes the recovery manifest after commit. | D64: No | E64: Save input (export-save) | F64: useSceneAutosave.ts:501-712 | G64: Reads: modelsRef, activeModelIdRef, selectedModelIdsRef, platesRef, activePlateIdRef, plateOrderingRef, plateNameRef, printerRef, sceneFormatChunkedRef, chunk cache Writes: autosave .voxl, manifest, lastWriteFingerprintRef, isAutosaving | H64: Yes | I64: Mostly React | J64: Mostly React — timers, refs, native writes; no scene rule. | K64: ExportManager.exportScene, VoxlChunkCache | L64: None | M64: None (not applicable) | N64: None | O64: internal effects in useSceneAutosave (debounce/cap timers); page.tsx wires refs | P64: S | Q64: Med | R64: High | S64: Stays UI. It is the reference for 'a save keeps every field' — compare Ctrl+S against it. | T64: n/a (UI plumbing) | U64: Hidden model present -> autosave file contains it; same scene twice -> second write skipped by fingerprint. | W64: Whole scene from refs | X64: export-save | Y64: F
A65: delete-models | B65: deleteModels | C65: Deletes models by id with everything attached: releases mesh chunks, revokes blob URLs, dissolves link groups left with <2 peers, clears them from active/selection, drops extra plates if the scene becomes empty, deletes stored mesh modifiers, cascades all support types owned by the models, and pushes one history entry (optional). | D65: Yes | E65: Delete | F65: useSceneCollectionManager.ts:4744-4894 | G65: Reads: modelsRef, activeModelIdRef, selectedModelIdsRef, platesRef, activePlateIdRef, support store getSnapshot Writes: models, activeModelId, selectedModelIds, plates, activePlateId, plateViewRunId, support store (via deleteSupportsForModel->setSnapshot), meshModifierStore, meshChunkStore (async), object URLs; scene history | H65: No | I65: Mixed | J65: Mixed — the list rules (filter, link-group dissolve, selection cleanup, empty-scene plate rule) are pure; support cascade is a store mutation; chunk release/URL revoke/modifier store are side effects; an awaited UI yield sits in the middle. | K65: SupportModelLinker.ts getSupportsForModel/deleteSupportsForModel; supportTypeRegistry MODEL_ID_COLLECTION_KEYS; ExportManager.releaseModelChunks; meshModifierStore.deleteStoredMeshModifiers | L65: Partial | M65: Partial — `scene remove-model --id` (single id) filters models, cleans roots/trunks/branches/leaves/braces by modelId, clears active/selection. Misses: knots, twigs, sticks, stumps, kickstands (+ their roots/host knots), link-group dissolve, empty-scene plate collapse, mesh modifiers (in model entry, fine). | N65: pushSceneSnapshotHistory with plates+activePlateId, includeSupportState only if any target had supports; label deleteModelLabel/deleteModelsLabel. pushHistory:false used by plate removal (8004, 8062). | O65: src/app/page.tsx (7: delete registry handlers 9445, context menu via dispatchDeleteModelAction, clear scene 5070, 11699); modelActionTargets.ts; modelCut.ts; internal: deleteModel, deleteModelsAndExtraPlates, plate removal | P65: M | Q65: High | R65: Med — — verify undo of a delete restores hollowing/hole-punch modifiers. | S65: Await between snapshot reads; support deletion goes through the global support store (setSnapshot emits interaction reset). Undo does NOT restore deleted meshModifiers (no modifierRecord in snapshot) or released chunks — check. shouldShowDeleteOverlayImmediately (4778) is computed and never used. Supports are cleaned only if includeSupportHistory was true at the first check. | T65: planModelDeletion({ models: { id; linkGroupId? }[], ids, activeModelId, selectedModelIds, plates: {id}[], activePlateId }) => { models; activeModelId; selectedModelIds; plates; activePlateId; dissolvedLinkGroupIds } + removeModelSupports({ supports: SupportCollections, modelIds }) => SupportCollections | U65: (1) delete one of a 2-member link group -> survivor's linkGroupId cleared; of 3 -> kept. (2) delete all models on 3 plates -> plates=[plate1], activePlateId=plate1. (3) model with trunk+branch+knot+kickstand+twig+stick -> all removed, other model's supports untouched; same scene via CLI remove-model must match (it currently will not). (4) active deleted -> null; selection filtered. (5) undo restores supports and plates. | V65: registerDeleteHandler registry (page.tsx 9436/9458, priorities 30/20); useDeleteHotkey -> triggerDelete; scheduleChunkStoreSweep effect as backstop. | W65: No (explicit ids); pushHistory option | X65: scene-models | Y65: D
A66: delete-models-link-dissolve | B66: deleteModels (link-group dissolve block) | C66: After removing models, any link group that now has fewer than 2 members has linkGroupId cleared on its survivor. | D66: No | E66: Delete | F66: useSceneCollectionManager.ts:4819-4834 | G66: Reads: deleted models' linkGroupId, remaining models Writes: nextModels (local) | H66: No | I66: Mostly pure | J66: Mostly pure — plain array code. | K66: None | L66: None | M66: None — remove-model leaves a lone linkGroupId behind. | N66: Part of deleteModels snapshot | O66: internal: deleteModels | P66: S | Q66: Low | R66: High | S66: Probably shared with unlinkModels/linking rules elsewhere in the manager; check for a duplicate rule there. | T66: dissolveUnderfilledLinkGroups({ models: { id; linkGroupId? }[], touchedLinkGroupIds: string[] }) => models | U66: Groups of size 1 cleared, size >=2 kept, unrelated groups untouched. | W66: No | X66: linking | Y66: D
A67: delete-models-empty-scene-plates | B67: deleteModels (emptying-the-scene plate rule) | C67: If the delete leaves zero models and there is more than one plate, keep only the first plate, make it active, and bump the plate view run id so the camera follows. | D67: No | E67: Delete | F67: useSceneCollectionManager.ts:4838-4853 | G67: Reads: platesRef, activePlateIdRef Writes: plates, activePlateId, plateViewRunId | H67: No | I67: Mostly pure | J67: Mostly pure — decision is two lines; plateViewRunId bump is UI. | K67: None (belongs next to plates/plateLayout.ts) | L67: None | M67: None — remove-model of the last model keeps all plates. | N67: plates + activePlateId captured in both snapshots | O67: internal: deleteModels (also overlaps deleteModelsAndExtraPlates at 8034) | P67: S | Q67: Low | R67: High | S67: Overlaps with deleteModelsAndExtraPlates; decide which owns the rule. | T67: platesAfterModelRemoval({ remainingModelCount, plates, activePlateId }) => { plates; activePlateId; changed } | U67: 0 models left, 3 plates -> 1 plate active=first; 1 model left -> unchanged; 0 models 1 plate -> unchanged. | V67: plateViewRunId drives camera reframe in viewer. | W67: No | X67: plates | Y67: D
A68: delete-models-support-cascade | B68: deleteModels (support cleanup) / deleteSupportsForModel | C68: For each deleted model, removes all support entities with that modelId across every registered type, plus kickstand roots/host knots and knots riding removed shafts; then a defensive second pass. | D68: No | E68: Delete | F68: useSceneCollectionManager.ts:4861-4879 | G68: Reads: support store getSnapshot Writes: support store via setSnapshot (also clears support selection/hover) | H68: No | I68: Mixed | J68: Mixed — the rule in SupportModelLinker.deleteSupportsForModel is pure computation ending in setSnapshot; easy to split into compute + apply. | K68: src/supports/PlacementLogic/SupportModelLinker.ts deleteSupportsForModel, getSupportsForModel; MODEL_ID_COLLECTION_KEYS | L68: Partial | M68: Partial — remove-model hand-filters 5 collections (roots, trunks, branches, leaves, braces) by modelId; misses knots, twigs, sticks, stumps, kickstands. The CLI's own `support remove` has a separate hand-written cascade. | N68: Captured by includeSupportState snapshot | O68: internal: deleteModels, deleteSupportsForModels | P68: M | Q68: High | R68: High | S68: Return the next state instead of calling setSnapshot; then CLI can call it on doc.supports (needs a SupportState<->DragonfruitImportFormat adapter — record vs array). | T68: removeSupportsForModels({ supports: Pick<SupportState, SupportCollectionKey | 'knots'>, modelIds: string[] }) => { supports; removedCount } | U68: Fixture with every support type on model A and B; remove A -> zero A entities, B unchanged; knots on removed shafts gone; kickstand root+host knot gone; count excludes roots. | V68: emitSupportInteractionReset('setSnapshot') resets support tools. | W68: No | X68: supports-in-scene | Y68: D
A69: delete-model | B69: deleteModel | C69: Single-id wrapper: fire-and-forget deleteModels([id]). | D69: Yes | E69: Delete | F69: useSceneCollectionManager.ts:4896-4898 | G69: Reads: - Writes: via deleteModels | H69: No | I69: Mostly React | J69: Mostly React — wrapper only. | K69: deleteModels | L69: Partial | M69: Partial — same as remove-model (see delete-models). | N69: via deleteModels | O69: src/components/organisms/panels/ModelsPanel.tsx (onDelete trash button) | P69: S | Q69: Low | R69: High | S69: None; keep as thin adapter. | T69: n/a (UI plumbing) | U69: Covered by delete-models tests. | W69: No | X69: scene-models | Y69: D
A70: delete-supports-for-models | B70: deleteSupportsForModels | C70: Removes all supports of the given models (only those that have any) in one undoable step; returns the number removed. Models stay. | D70: Yes | E70: Delete | F70: useSceneCollectionManager.ts:4900-4936 | G70: Reads: modelsRef, activeModelIdRef, selectedModelIdsRef, support store Writes: support store; scene history | H70: No | I70: Mixed | J70: Mixed — target filtering pure; removal goes through support store. | K70: SupportModelLinker.ts deleteSupportsForModel/getSupportsForModel | L70: None | M70: None — `support remove` takes one support id; no 'remove all supports of model'. | N70: pushSceneSnapshotHistory includeSupportState, label = caller's or deleteSupportsForModelLabel/deleteSupportsForModelsLabel | O70: src/app/page.tsx handleConfirmDestructiveTransform (2485) — scale/rotate that invalidates supports | P70: S | Q70: High | R70: High | S70: Same core as the delete cascade; one pure removeSupportsForModels serves both. | T70: removeSupportsForModels({ supports, modelIds }) => { supports; removedCount; affectedModelIds } | U70: Models with/without supports -> only those with supports targeted; returns count; no history when nothing to remove; unknown ids ignored. | V70: page bumps supportRenderRefreshNonce after calling it. | W70: No | X70: supports-in-scene | Y70: D
A71: delete-active-model-handler | B71: useEffect registerDeleteHandler | C71: Registers with the global delete registry (priority 10): in prepare mode with an active model, Delete removes the active model. | D71: No | E71: Delete | F71: useSceneCollectionManager.ts:7069-7081 | G71: Reads: mode, activeModelId, deleteModel Writes: deleteRegistry module Set (register/unregister) | H71: Yes | I71: Mostly React | J71: Mostly React — effect wiring into a module registry. | K71: registerDeleteHandler (features/delete/deleteRegistry.ts) | L71: Partial | M71: Partial — `scene remove-model --id` removes by explicit id (cascades supports). | N71: Via deleteModel | O71: internal effect; competing handlers in src/app/page.tsx (priority 30 selected models, 20 select-all), useSupportInteractionManager (100, support mode), useHolePunchManager | P71: S | Q71: Low | R71: Med — — check whether activeModelId set with empty selection is reachable | S71: Shadowed by page.tsx priority-30 handler whenever selectedModelIds is non-empty, so it only fires when there is an active model but empty selection. Pure hotkey wiring. | T71: n/a (UI plumbing) | U71: With selection [a,b] and active a, Delete removes both (page handler wins); with active a and empty selection, removes a. | V71: Delete/Backspace hotkey -> triggerDelete() -> highest-priority handler. | W71: Yes: activeModelId | X71: selection | Y71: E
A72: set-model-manual-z-move-override | B72: setModelManualZMoveOverride | C72: Flags a model as 'Z set by hand' so Auto Lift/seat-on-plate leaves it alone (page.tsx seatSelectionOnPlate skips it). No history, not saved to VOXL; models loaded from .voxl/project are created with it true. | D72: Yes | E72: Volume bounds and seating | F72: useSceneCollectionManager.ts:4154-4164 | G72: Reads: models (via setter) Writes: models (manualZMoveOverride) | H72: No | I72: Mostly pure | J72: Mostly pure — one-field map in a setState updater. | K72: None | L72: None | M72: None — field absent from VoxlModelEntry; CLI place-on-platform ignores the concept. | N72: None (but it rides along in any later snapshot since cloneLoadedModel keeps it) | O72: src/app/page.tsx:9229 (disableAutoLiftForManualZMove), :9244 (handleAutoLiftChange), :9799 (place-on-face) | P72: S | Q72: Med | R72: High | S72: Session-only flag that changes what lift/drop does: a CLI lift/drop cannot match the app without either persisting it or taking it as an explicit input. | T72: n/a — feed as input: buildLiftDropUpdates({ models: {id, geometry, transform, manualZMoveOverride?}[], targetIds, targetZ, respectManualZ }) | U72: Set true -> seatSelectionOnPlate skips model; toggle Auto Lift -> cleared for selection; loaded voxl models start true. | W72: No (explicit id) | X72: placement | Y72: C
A73: scene-bounds | B73: sceneBounds | C73: World-space bounding box of every visible model: each model's cached geometry bbox is re-centred on its geometry centre, posed by its transform (position, global-Euler rotation, scale) and unioned. Null when no model is visible. | D73: Yes | E73: Volume bounds and seating | F73: useSceneCollectionManager.ts:7536-7572 | G73: Reads: models (geometry.bbox, geometry.center, transform, visible) Writes: None (memo) | H73: No | I73: Mixed | J73: Mixed — the rule (centre, pose, union of AABBs) is 25 lines of logic but written in THREE.Box3/Matrix4 and quaternionFromGlobalEuler; React part is only useMemo. | K73: quaternionFromGlobalEuler (@/utils/rotation) | L73: None | M73: None — no CLI command reports scene bounds; slice computes its own Z range from the mesh. | N73: None | O73: src/app/page.tsx (only fallbackZRange min.z, ~6888) | P73: S | Q73: Low | R73: High | S73: Depends on THREE.Box3 and a THREE geometry bbox; VOXL entries carry no bbox, so a CLI path would need bbox from mesh bytes. Single remaining consumer is a 'legacy' fallback Z range; may be a deletion candidate rather than an extraction. | T73: sceneWorldBounds({ models: readonly { visible: boolean; bbox: Box3Like; center: Vec3; transform: { position: Vec3; rotation: Euler3; scale: Vec3 } }[] }): { min: Vec3; max: Vec3 } | null | U73: Two cubes 10mm, one at (0,0,5) one at (50,0,5): min=(-5,-5,0) max=(55,5,10). Hidden model ignored. Rotated 45deg about Z grows XY extent to 10*sqrt2. All hidden -> null. Empty -> null. | W73: No (all visible models) | X73: geometry-lifecycle | Y73: G
A74: default-import-center | B74: defaultImportCenterXY | C74: World XY where new work lands: the centre of the active plate (local centre from originMode + cascade offset of the active plate's index). | D74: No | E74: Placement and duplicate layout | F74: useSceneCollectionManager.ts:2001-2022 | G74: Reads: view3dSettings (width, depth, originMode), plates, activePlateId, plateOrdering Writes: None | H74: Yes | I74: Mostly pure | J74: Mostly pure — plateLocalRect + plateCascadeOffsetMm; returns THREE.Vector2. | K74: plateLocalRect (plateLayout), plateCascadeOffsetMm (plateCascade) | L74: None | M74: None — add-model defaults to (0,0,0); center-xy moves to (0,0) regardless of plate or originMode. | N74: None | O74: internal: loadFiles 2926, 2969; findFreeSpotCentersForModels; pasteCopiedModelsAutoArrange 5079-5080; duplicateModelWithTransforms dep 5586 | P74: S | Q74: Med | R74: High | S74: Equivalent to computePlateFrames(...)[i] centre; should be expressed via frames. | T74: plateCenter({ frames: PlateFrame[], plateId }): { x, y } | U74: Plate 2 of 2, dynamic ordering, 218x122 centre origin -> (218+24, 0); front_left origin -> (109, 61) on plate 1. | W74: Yes — active plate | X74: placement | Y74: A
A75: intersects-rect | B75: intersectsRect, Rect2D | C75: Axis-aligned rectangle overlap test (touching edges count as overlap). | D75: No | E75: Placement and duplicate layout | F75: useSceneCollectionManager.ts:2024-2028 | G75: Reads: None Writes: None | H75: No | I75: Mostly pure | J75: Mostly pure — useCallback wrapper only. | K75: None (duplicated inline in pasteCopiedModelsAutoArrange 5087) | L75: None | M75: None | N75: None | O75: internal: findFreeSpotCentersForModels; a second copy at 5087 (paste) | P75: S | Q75: Low | R75: High | S75: Duplicated; plateInteractivity has a PlateRect type that could host it. | T75: rectsOverlap({ a: Rect, b: Rect }): boolean | U75: Shared edge -> true; 0.001 gap -> false. | W75: No | X75: placement | Y75: A
A76: is-rect-inside-plate | B76: isRectInsidePlate | C76: Whether a world rect lies fully within the active plate's rect (edges inclusive). | D76: No | E76: Placement and duplicate layout | F76: useSceneCollectionManager.ts:2048-2055 | G76: Reads: activePlateRect Writes: None | H76: Yes | I76: Mostly pure | J76: Mostly pure | K76: None | L76: None | M76: None | N76: None | O76: internal: isModelFootprintInsidePlate, findFreeSpotCentersForModels | P76: S | Q76: Low | R76: High | S76: Implicit active plate. | T76: rectInsidePlate({ rect, plate: PlateRect }): boolean | U76: Rect touching max edge -> inside; 0.01 over -> outside. | W76: Yes — active plate | X76: placement | Y76: A
A77: footprint-for-transform | B77: footprintForTransform | C77: Width/depth of a model's footprint on the bed, projected through its full rotation and scale (convex hull of sampled points). | D77: No | E77: Placement and duplicate layout | F77: useSceneCollectionManager.ts:2057-2062 | G77: Reads: geometry, transform Writes: footprint cache (inside modelFootprint) | H77: No | I77: Mixed | J77: Mixed — computeProjectedFootprintSize uses THREE Euler/Vector3 and caches per geometry. | K77: computeProjectedFootprintSize (utils/modelFootprint.ts) | L77: None | M77: None — CLI arrange computes hulls via its own ArrangeModel path; no footprint for placement. | N77: None | O77: internal: buildMeshPlacementOffsets; pasteCopiedModelsAutoArrange 5198; duplicateModelWithTransforms dep | P77: M | Q77: Med | R77: High | S77: Needs vertex positions; THREE typed. A pure version needs positions Float32Array + rotation/scale plain. | T77: projectedFootprintSize({ positions: Float32Array, rotation: Euler3, scale: Vec3 }): { width, depth } | U77: Cube 10 mm rotated 45 deg on Z -> ~14.14 x 14.14; tipped 90 deg on X -> depth becomes height. | W77: No | X77: placement | Y77: A
A78: build-mesh-placement-offsets | B78: buildMeshPlacementOffsets | C78: Turns a footprint at a centre into offsets from the centre (half width/depth each way) and a size clamped to at least 2 mm. | D78: No | E78: Placement and duplicate layout | F78: useSceneCollectionManager.ts:2064-2085 | G78: Reads: None Writes: None | H78: No | I78: Mostly pure | J78: Mostly pure — arithmetic on footprintForTransform. | K78: footprintForTransform | L78: None | M78: None | N78: None | O78: internal: modelFootprintRect, findFreeSpotCentersForModels, loadFiles seatModelOnNewBedIfNeeded 2778 | P78: S | Q78: Low | R78: Med — — offsets are symmetric about the model position; verify that matches meshes whose origin is not their centre | S78: Footprint is centred on the model origin, not the geometry's bbox centre (offsets always symmetric) — check if intended. | T78: placementOffsets({ footprint: { width, depth } }): { minXOffset, maxXOffset, minYOffset, maxYOffset, width, depth } | U78: Footprint 1x1 -> width/depth 2, offsets +-0.5 (clamp only on size, not offsets). | W78: No | X78: placement | Y78: A
A79: model-footprint-rect | B79: modelFootprintRect | C79: A model's footprint where it stands, as a world rect; the base of every bed test. | D79: No | E79: Placement and duplicate layout | F79: useSceneCollectionManager.ts:2087-2103 | G79: Reads: model.transform.position, geometry Writes: None | H79: No | I79: Mostly pure | J79: Mostly pure | K79: buildMeshPlacementOffsets | L79: None | M79: None | N79: None | O79: internal: isModelFootprintInsidePlate; handleImportVoxlFile 6694 (off-bed detection with rectStandsOnAnyBed) | P79: S | Q79: Low | R79: High | S79: THREE geometry for footprint. | T79: modelFootprintRect({ position: {x,y}, footprint: {width,depth} }): Rect | U79: Model at (10,5), footprint 20x10 -> {0..20, 0..10}. | W79: No (model given) | X79: placement | Y79: A
A80: is-model-footprint-inside-plate | B80: isModelFootprintInsidePlate | C80: Whether a model's footprint lies wholly on the active plate; used to count off-plate models on plugin/VOXL import to decide the placement prompt. | D80: No | E80: Placement and duplicate layout | F80: useSceneCollectionManager.ts:2105-2107 | G80: Reads: activePlateRect Writes: None | H80: Yes | I80: Mostly pure | J80: Mostly pure | K80: modelFootprintRect, isRectInsidePlate | L80: None | M80: None | N80: None | O80: internal: handleImportPluginSceneFile 5928 (off-plate count), deps 6286, 6868 | P80: S | Q80: Med | R80: High | S80: Plugin import judges 'off plate' against the ACTIVE plate only, while VOXL import uses rectStandsOnAnyBed over all beds (6694) — inconsistent rules. | T80: modelsOffBeds({ models: {id, position, footprint}[], beds: PlateRect[] }): string[] | U80: Two-plate scene, plugin file with a model on plate 2's area: counted off-plate (prompt shown) while a VOXL import would not prompt — pin both. | W80: Yes — active plate | X80: placement | Y80: A
A81: find-free-spot-centers | B81: findFreeSpotCentersForModels | C81: Places incoming models in order: a ring grid of candidate centres around the active plate's centre (step = largest footprint + spacing, nearest first), blocks rects of visible existing models (expanded by their support/raft bounds) and already-placed newcomers; takes the first candidate fully on the active plate and clear; else other beds in cascade order; oversize -> active centre; else a column to the right. | D81: No | E81: Placement and duplicate layout | F81: useSceneCollectionManager.ts:2109-2279 | G81: Reads: defaultImportCenterXY, activePlateRect, activePlateIdRef, platesRef, plateOffsetForRef (declared at 7601), modelsRef (visible models), support store via estimateSupportBoundsForModel, raft settings Writes: None (returns centres) | H81: Yes | I81: Mixed | J81: Mixed — the search is ~150 lines of pure arithmetic, but inputs come from 5 refs, a forward-declared ref (plateOffsetForRef), THREE footprints and the support store. | K81: buildMeshPlacementOffsets, intersectsRect, isRectInsidePlate, estimateSupportBoundsForModel (supportClipboard), plateCascadeOffsetMm via plateOffsetFor | L81: None | M81: None — CLI add-model puts models at the given position (default origin); duplicate uses a fixed offset (20,0,0) with no collision test. | N81: None itself (callers capture snapshots). | O81: internal: loadFiles 2936, 2979 (each newly imported mesh), handleImportPluginSceneFile (dep 6286; arranges via shelfPack instead), handleImportVoxlFile 6713 (auto-arrange choice) | P81: M | Q81: Med | R81: High | S81: Implicit active plate + scene + supports; plateOffsetForRef is filled 5000 lines later. pasteCopiedModelsAutoArrange (5069-5586) re-implements a near-identical ring search per bed with its own intersectsRect: two copies of one rule. | T81: findFreeSpotCenters({ incoming: {footprint:{width,depth}}[], obstacles: Rect[], frames: PlateFrame[], targetPlateId, spacingMm }): Array<{ x, y, plateId | null }> | U81: Empty 218x122 plate, one 20x20 model -> plate centre; second -> ring 1 neighbour (step 25); full plate -> next bed in cascade order; 300x300 model -> active centre; model with a raft wider than mesh blocks the raft rect; hidden models are ignored as obstacles; spacing negative treated as 0. | V81: plateOffsetForRef wired at 7601-7602 (forward reference through a ref). | W81: Yes — active plate, all existing visible models, global support store | X81: placement | Y81: A
A82: seat-model-on-new-bed | B82: seatModelOnNewBedIfNeeded (closure in loadFiles) | C82: If the free-spot search put the model outside every bed and the model fits a bed, adds one plate (addPlates(1)), moves the model to that new bed's centre and sets its plateId. Oversized models keep the search's fallback. | D82: No | E82: Placement and duplicate layout | F82: useSceneCollectionManager.ts:2762-2793 | G82: Reads: view3dSettings (width/depth/originMode), platesRef, plateOffsetForRef, buildMeshPlacementOffsets Writes: plates + models (via addPlatesRef: setPlates, shifted models), model.transform.position, model.plateId (mutated) | H82: No | I82: Mixed | J82: Mixed — 'is the point inside any bed' and 'fits a bed' are pure; adding a plate is a state side effect mid-loop | K82: plateLocalRect (plateLayout), addPlates (in hook), buildMeshPlacementOffsets | L82: None | M82: None | N82: None — the added plate is not recorded in history (paste's equivalent is, via its snapshot) | O82: internal: loadFiles (both branches) | P82: M | Q82: Med | R82: High | S82: Restates the bed-rect formula inline (localMin + offset, +width/depth) that ADR-0045 says plateLayout should own (computePlateFrames). Center-inside-bed test uses the model centre, not its footprint. Mutation of a plate list mid-import is the blocker: a planner should return platesToAdd and the manager adds them. | T82: needsOwnBed({ center: {x,y}; footprint: { width; depth }; frames: PlateFrame[]; bed: { widthMm; depthMm } }) => boolean (new-bed centre then from computePlateFrames on the extended list) | U82: All beds full, 20 mm cube -> plates +1, model at new bed centre, plateId = new id. 300 mm model on 200 mm bed -> no plate added. Undo after import: record whether added plate remains (it does today). | V82: addPlatesRef/plateOffsetForRef are assigned later in the hook (7601, 7917) to dodge declaration order | W82: No — acts on the passed model; plate list from refs | X82: placement | Y82: B
A83: import-free-spot-placement | B83: loadFiles -> findFreeSpotCentersForModels([...staged, model], 5).at(-1) | C83: Places each new model at the nearest free grid spot (5 mm spacing) on the active plate, avoiding visible models (and their estimated support bounds) and models staged earlier in this batch; then tries other beds; oversized models centre on the active bed; last resort is a column beside the plates. | D83: No | E83: Placement and duplicate layout | F83: useSceneCollectionManager.ts:2936-2940, 2979-2983 (search itself at 2109-2279) | G83: Reads: modelsRef, supports store (estimateSupportBoundsForModel), activePlateRect, platesRef, plateOffsetForRef, defaultImportCenterXY Writes: model.transform.position (mutated in place) | H83: Yes | I83: Mostly pure | J83: Mostly pure — the search is pure rectangle math once footprints are computed; reads refs and the support store for occupancy. Called with the whole staged list each time and only the last result kept (O(n^2) over a batch) | K83: findFreeSpotCentersForModels, buildMeshPlacementOffsets, footprintForTransform -> computeProjectedFootprintSize (utils/modelFootprint), plateCascadeOffsetMm, plateLocalRect | L83: None | M83: None — add-model puts the model at --position or 0,0,0; no collision avoidance | N83: None | O83: internal: loadFiles; findFreeSpotCentersForModels is also used by paste/duplicate (other ranges) | P83: M | Q83: Med | R83: High | S83: Search lives just before my range (2109-2279) and should be the first pure module of the import group: inputs are rects. Blockers: footprint from THREE geometry (computeProjectedFootprintSize) and support bounds from the supports store — both can be precomputed by the caller. Re-running the search for each staged prefix means earlier staged models are re-placed in the search's blockedRects but their result is discarded; the kept placement relies on determinism. | T83: findFreeSpots({ incoming: PlacementFootprint[]; occupied: Rect2D[]; target: { plateId; rect: Rect2D; center: {x,y} }; otherBeds: { plateId; rect: Rect2D }[]; spacingMm: number }) => { x: number; y: number; plateId?: string }[] | U83: Empty plate, 20 mm cube -> plate centre. Second cube -> next ring spot 25 mm away. Batch of 3 -> no overlaps, deterministic. Hidden model does not block. Model with supports blocks its support bounds. Full active plate -> spot on plate 2. Larger than bed -> active centre. | V83: estimateSupportBoundsForModel reads the supports module store | W83: Active plate | X83: placement | Y83: B
A84: copy-model | B84: copyModel | C84: Puts one model (by id) and its supports on the in-memory model clipboard, replacing its contents. Returns false if not found. | D84: Yes | E84: Placement and duplicate layout | F84: useSceneCollectionManager.ts:4938-4965 | G84: Reads: models (React state), support store Writes: modelClipboard state | H84: No | I84: Mixed | J84: Mixed — entry build pure, clipboard is React state. | K84: supportClipboard.ts captureModelSupportsToClipboard | L84: None | M84: None — no clipboard concept; `scene duplicate` is the CLI analogue. | N84: None | O84: src/app/page.tsx (context menu 'copy' 6295, Ctrl+C hotkey 9944) | P84: S | Q84: Low | R84: High | S84: Clipboard is session UI state, not document state; only the entry construction is a rule. | T84: n/a (UI plumbing; see clipboard-entry-build) | U84: Copy unknown id -> false, clipboard unchanged. | V84: Hotkey store isCJustPressed in page.tsx. | W84: No (page passes activeModelId) | X84: cut-copy-paste | Y84: D
A85: clipboard-entry-build | B85: copyModel / copySelectedModels (ModelClipboardEntry literal) | C85: Builds a clipboard entry from a model: name, size, shared geometry reference, cloned transform, colour, polygons, isSupportGeometry, linkGroupId, plus a support payload captured from the support store. meshModifiers explicitly undefined. | D85: No | E85: Placement and duplicate layout | F85: useSceneCollectionManager.ts:4944-4962, 4974-4993 | G85: Reads: model, support store (captureModelSupportsToClipboard) Writes: none (returns entry) | H85: No | I85: Mixed | J85: Mixed — the literal is pure (duplicated twice verbatim); support capture reads the global support store. | K85: supportClipboard.ts captureModelSupportsToClipboard | L85: None | M85: None | N85: None | O85: internal: copyModel, copySelectedModels | P85: S | Q85: Med | R85: Med — — check whether paste (pasteCopiedModelsAutoArrange) restores modifiers some other way; none found. | S85: Mesh modifiers (hollowing/holes) are NOT copied — they live in meshModifierStore and the entry sets undefined; plateId, groupId/groupName also not carried. Dedupe into one function. | T85: toClipboardEntry({ model, supports: SupportCollections, modifiers? }) => ModelClipboardEntry | U85: Copy hollowed model then paste -> pasted model has no hollowing (pin current behaviour, then decide). | W85: No | X85: cut-copy-paste | Y85: D
A86: copy-selected-models | B86: copySelectedModels | C86: Copies the given ids, or the current selection when none are given, to the clipboard (in scene order). | D86: Yes | E86: Placement and duplicate layout | F86: useSceneCollectionManager.ts:4967-4996 | G86: Reads: models, selectedModelIds (React state), support store Writes: modelClipboard | H86: Yes | I86: Mixed | J86: Mixed — selectModelsForClipboard is pure; rest is entry build + setState. | K86: modelCut.ts selectModelsForClipboard; supportClipboard.ts captureModelSupportsToClipboard | L86: None | M86: None | N86: None | O86: src/app/page.tsx (6293, 9942); modelCut.ts performModelCut | P86: S | Q86: Low | R86: High | S86: Make ids required at the hook boundary; page resolves via modelActionTargets. | T86: selectModelsForClipboard({ models, ids }) (exists, but takes positional args — convert to one params object per ADR) | U86: ids order vs scene order (scene order wins); empty -> false. | W86: Yes — falls back to selectedModelIds when ids omitted (page always omits them) | X86: cut-copy-paste | Y86: D
A87: cut-selected-models | B87: cutSelectedModels | C87: Copy then delete the given ids (delete is fire-and-forget, with its own history entry). | D87: Yes | E87: Placement and duplicate layout | F87: useSceneCollectionManager.ts:4998-5000 | G87: Reads: via copySelectedModels/deleteModels Writes: modelClipboard, plus everything deleteModels writes | H87: No | I87: Mostly React | J87: Mostly React — composition only. | K87: modelCut.ts performModelCut | L87: None | M87: None | N87: Only the delete half (deleteModels label 'Delete ...'), no 'Cut' label | O87: src/app/page.tsx context menu 'cut' via dispatchCutModelAction; modelActionTargets.ts | P87: S | Q87: Low | R87: High | S87: None beyond deleteModels. | T87: n/a (UI plumbing) | U87: Existing modelCut.test.ts; add: undo label after cut reads as delete. | V87: No Ctrl+X hotkey found in page.tsx (only context menu). | W87: No | X87: cut-copy-paste | Y87: D
A88: cut-model | B88: cutModel | C88: Single-id wrapper over cutSelectedModels. | D88: Yes | E88: Placement and duplicate layout | F88: useSceneCollectionManager.ts:5002-5004 | G88: Reads: - Writes: via cutSelectedModels | H88: No | I88: Mostly React | J88: Mostly React — wrapper. | K88: cutSelectedModels | L88: None | M88: None | N88: via deleteModels | O88: None found outside the hook (dead returned key) | P88: S | Q88: Low | R88: High | S88: Candidate for removal. | T88: n/a (UI plumbing) | U88: n/a | W88: No | X88: cut-copy-paste | Y88: D
A89: paste-model | B89: pasteModel | C89: Pastes the FIRST clipboard entry as a new model offset +6mm X/Y, sharing the geometry, selects it; after a paint, re-creates its supports from the clipboard payload (transformed to the new position) and pushes one history entry covering model+supports. | D89: Yes | E89: Placement and duplicate layout | F89: useSceneCollectionManager.ts:5006-5067 | G89: Reads: modelClipboard, models, activeModelId, selectedModelIds (React state), support store Writes: models, activeModelId, selectedModelIds, support store (batched); scene history (deferred) | H89: Yes | I89: Mixed | J89: Mixed — new-model record + offset is pure; support paste is store mutation; history pushed in a setTimeout (schedulePostPaint), so an undo pressed before it fires sees no entry. | K89: supportClipboard.ts pasteModelSupportsFromClipboard; cloneGeometryWithBounds(shared) | L89: None | M89: None — `scene duplicate` is the closest; different offset/placement rule. | N89: pushSceneSnapshotHistory (includeSupportState, supportStateOverride=before) inside schedulePostPaint, label pasteModelLabel | O89: None found outside the hook — page uses pasteCopiedModelsAutoArrange (5069, next range). Dead returned key. | P89: M | Q89: Med | R89: High | S89: Ignores other clipboard entries; fileUrl ''; no plateId (lands on plate1 per resolveModelPlateId fallback unless position falls in a frame); begin/endSupportStateBatch called twice (nested). Uses stale React state rather than refs. | T89: planPaste({ entry: { transform; name; ... }, newId, offset: {x,y} }) => ModelSeed + remapSupportsForPaste({ payload, sourceTransform, targetTransform, targetModelId }) => SupportCollections delta | U89: Paste with 2 entries -> only first pasted; position +6,+6,0; supports moved by same delta; single undo removes model and supports. | W89: Yes — clipboard contents (first entry only) | X89: cut-copy-paste | Y89: D
A90: paste-auto-arrange | B90: pasteCopiedModelsAutoArrange | C90: Pastes every model in the model clipboard as new models (with their copied supports), placing each one in a free spot: first on the active plate, then on the other plates in order, then on new plates it adds; anything bigger than a bed goes in a row left of the beds. Selects the copies and records one undo step. | D90: Yes | E90: Placement and duplicate layout | F90: useSceneCollectionManager.ts:5069-5586 | G90: Reads: modelClipboard, models (render) + modelsRef (live), activeModelId, selectedModelIds, support store getSnapshot(), getRaftSettings(), platesRef, activePlateIdRef, plateOffsetForRef, defaultImportCenterXY, activePlateRect, view3dSettings (width/depth/origin), estimateSupportBoundsForModel (support store) Writes: models (setModels from modelsRef + pasted), activeModelId, selectedModelIds, plates via addPlatesRef.current(n) (which also shifts models + their supports), support store via pasteModelSupports in schedulePostPaint, history | H90: Yes | I90: Mixed | J90: Mixed — ~400 lines (5085-5500) are a pure placement plan: support-payload rect, footprint offsets, ring-grid candidate search per bed, overflow into existing then new beds. Plumbing: refs, addPlatesRef side effect mid-function, THREE.Vector3 creation, uuid, cloneGeometryWithBounds, schedulePostPaint for supports + history. | K90: footprintForTransform (computeProjectedFootprintSize, utils/modelFootprint.ts), plateLocalRect (plates/plateLayout.ts), computeFootprint + computeRaftOuterBoundary (supports/Rafts), estimateSupportBoundsForModel + pasteModelSupports (supports/PlacementLogic/supportClipboard.ts), SUPPORT_TYPES/contactEndpointsFor, pastedModelName (modelCopyNames.ts). Does NOT use arrange/ (highPrecisionArrange, shelfPack, plateFreeSpace). | L90: None | M90: None — no paste command. Closest is `scene duplicate` (fixed offset, no free-spot search, no plates) and `scene arrange` (highPrecisionArrange on a single plate). Neither carries supports. | N90: pushSceneSnapshotHistory(before, after, pasteModelsLabel(n)) inside schedulePostPaint; snapshot includes support state only if a clipboard entry carried supports, and plates/activePlateId only when new beds were planned (plannedBeds>0). Supports pasted with recordHistory:false. | O90: src/app/page.tsx x2 (context-menu 'paste' case ~6306, Ctrl+V hotkey ~9951) | P90: M | Q90: Med | R90: High | S90: Placement rule is a closure duplicate of findFreeSpotCentersForModels (2109-2279): same ring search, Rect2D, blockedRects, but with support rects and multi-bed overflow. supportRectForPayload is a near-copy of estimateSupportBoundsForModel/estimateRaftBoundsForModel in supportClipboard.ts but reads a payload not the store. Needs raft settings passed in. addPlates is called mid-plan and its returned offsets are needed to finish (two-phase: plan in bed-local frame, then resolve). Uses THREE geometry for footprint. | T90: planPastePlacement({ entries: Array<{ footprint:{width,depth}, supportRect?:Rect2D|null, position:{x,y} }>, blockers: Rect2D[], activePlate:{ id, rect, center }, otherPlates: Array<{ id, rect }>, bedLocalRect: Rect2D, spacingMm, maxNewPlates }): { placements: Array<{ entryIndex, plateId: string|null, newPlateSlot: number, localX, localY } | { entryIndex, offBed: true, x, y }>, newPlateCount } plus supportPayloadRect({ payload, raft }): Rect2D|null | U90: Pin: (1) empty scene, 1 entry 20x20mm, spacing 5 -> lands at active plate center; (2) active plate full -> lands on plate 2 if room, else newPlateCount=1; (3) entry larger than bed -> off-bed column at localMinX-8-width/2, newPlateCount 0; (4) entry with support payload widens rect (raft on/off/line, wall on); (5) tilted model uses rotated footprint; (6) invisible models do not block; (7) MAX_PASTE_PLATES=32 cap. | V90: Hotkey path in page.tsx also does resin-volume cache bookkeeping on the returned ids; addPlates triggers models shift + shiftSupportsWithModels through modelsShiftedForRelaidPlates. | W90: Yes: the clipboard (modelClipboard) is the source, the active plate (activePlateIdRef/activePlateRect) is the first target, and the 'blockers' are every visible model in the scene. Only spacingMm is explicit. | X90: cut-copy-paste | Y90: E
A91: paste-support-rect | B91: supportRectForPayload (closure in pasteCopiedModelsAutoArrange) | C91: Works out the XY rectangle a copied model's supports cover: roots (and their disk+cone), the raft outline if rafts are on, knots, kickstand knots, every segment joint and every contact tip of every registered support type. | D91: No | E91: Placement and duplicate layout | F91: useSceneCollectionManager.ts:5091-5179 | G91: Reads: payload (SupportClipboardPayload), getRaftSettings() (raft store), SUPPORT_TYPES registry Writes: None | H91: Yes | I91: Mostly pure | J91: Mostly pure — only getRaftSettings() is a global read; all else is arithmetic over the payload. | K91: computeFootprint, computeRaftOuterBoundary, SUPPORT_TYPES, contactEndpointsFor | L91: None | M91: None — CLI never computes support footprints for placement. | N91: None | O91: internal: buildPlacementOffsets inside pasteCopiedModelsAutoArrange | P91: S | Q91: Med | R91: High | S91: Duplicates estimateSupportBoundsForModel (supportClipboard.ts:416) which walks the live store instead of a payload; the two differ (payload version expands root top disk+cone and every contact; store version resolves knot ownership). Should be one rule over a narrow support-collection input. | T91: supportFootprintRect({ supports: Pick<SupportClipboardPayload,'roots'|'knots'|'kickstandKnots'|...collection keys>, raft: RaftFootprintSettings }): Rect2D | null | U91: Payload with 1 root d=2 at (5,5) -> {4,6,4,6} with raft off; with raft 'line' vs 'full' chamfer 45 vs 90 margins; contact cone uses profile.contactDiameterMm, disk uses contactDiameterMm; empty payload -> null. Compare against estimateSupportBoundsForModel for the same supports in store. | W91: Raft settings read from the global raft store | X91: supports-in-scene | Y91: E
A92: paste-place-into-bed | B92: placeIntoBed / buildPlacementOffsets / intersectsRect (closures) | C92: Grid ring search: candidate centres on a grid of (max width+spacing) x (max depth+spacing) around a bed centre, nearest first; each entry takes the first spot fully inside the bed and clear of blockers and already-taken spots. Returns placed and unplaced. | D92: No | E92: Placement and duplicate layout | F92: useSceneCollectionManager.ts:5181-5365 | G92: Reads: maxWidth/maxDepth over all entries, spacingMm (closure) Writes: None | H92: No | I92: Mostly pure | J92: Mostly pure — plain arithmetic; footprint call goes through THREE geometry via footprintForTransform. | K92: footprintForTransform; overlaps conceptually with plateFreeSpace.freeRectsForPlate and shelfPack but uses neither | L92: None | M92: None | N92: None | O92: internal: pasteCopiedModelsAutoArrange | P92: S | Q92: Low | R92: High | S92: Docblock is duplicated verbatim (5266-5283). intersectsRect treats touching edges as overlap (<, >), plateFreeSpace rectsOverlap does not; a shared rule must pick one. Grid step uses the MAX entry size for all entries, so mixed sizes waste space; that is behaviour to pin, not fix silently. | T92: ringGridPlace({ bed: Rect2D, center:{x,y}, blockers: Rect2D[], items: Array<{ key, offsets: PlacementOffsets }>, spacingMm }): { placed: Array<{ key, x, y }>, unplaced: key[] } | U92: Bed 100x100 center 0, two 30x30 items spacing 5: first at (0,0), second at nearest ring cell (e.g. (-35,-35) order per sort stability); blocker at center pushes first item off-centre; item 120 wide -> unplaced. | W92: No (bed, blockers, pending passed in) | X92: placement | Y92: E
A93: duplicate-with-transforms | B93: duplicateModelWithTransforms | C93: Makes N copies of one model at given transforms, copying its supports onto each copy, optionally moving the source to a new transform (with its supports), puts source and copies in one group (creates a group if the source had none), selects them, records one undo step (optionally including plates added just before). | D93: Yes | E93: Placement and duplicate layout | F93: useSceneCollectionManager.ts:5588-5719 | G93: Reads: models (render state), activeModelId, selectedModelIds, support store (captureModelSupportsToClipboard), platesRef/activePlateIdRef (only when options.platesBefore given) Writes: models (source group+transform, appended copies), support store (transformSupportsForModel for source, pasteModelSupports for copies), activeModelId=first copy, selectedModelIds=[source,...copies], history | H93: No | I93: Mixed | J93: Mixed — the rule (new model records: name 'X Copy n', groupId/groupName inheritance, linkGroupId/isSupportGeometry/color/visible copied, meshModifiers dropped, no plateId set) is ~30 lines; the rest is THREE clone, shared geometry, support store batch, setState, history. | K93: duplicatedModelName (modelCopyNames.ts), captureModelSupportsToClipboard + pasteModelSupports + transformSupportsForModel (supportClipboard / supports), transformsEqual | L93: Partial | M93: Partial — `scene duplicate --id --count --offset`: JSON deep copy at fixed offsets, names '(i)' not 'Copy i', copies plateId/meshModifiers/sourcePath/classification verbatim, no grouping, no support copy, no source move, and the copy's mesh ref points at an embedded chunk the writer does not have bytes for (LOADED_MESH_BYTES is keyed by the old id) — see notes. | N93: pushSceneSnapshotHistory(before, after, duplicateModelLabel(name) | duplicateModelsLabel(n)); includeSupportState:true; plates included only when options.platesBefore passed. Supports pasted with recordHistory:false. | O93: src/features/scene/arrange/useArrangeManager.ts x2 (handleConfirmDuplicate ~1755 duplicate panel; handleFillPlateDuplicate ~1894 fill-plate) | P93: M | Q93: Med | R93: Med — — the CLI mesh-ref claim is from reading toBuildInput + codec-v2 (copy's id has no LOADED_MESH_BYTES entry, writer keeps the copied embedded-chunk ref, reader resolves chunk by the copy's own index); not run, no node_modules in /root/df. Confirm with a round-trip. | S93: Copies get no plateId: membership is re-derived from position; with ghost beds the caller adds plates first. Geometry shared by reference (shared:true). Support copy depends on live store. Groups (groupId/groupName) are in-memory only — not in VoxlModelEntry, CLI stores groups in extensions.groups: two different group models. | T93: planDuplicates({ source: { id, name, groupId?, groupName?, linkGroupId?, isSupportGeometry?, color, visible }, transforms: PlainTransform[], newIds: string[], newGroupId: string, copyName:(n)=>string }): { copies: Array<{ id, name, groupId, groupName, transform, ... }>, sourcePatch: { groupId, groupName, transform? } } | U93: Source with no group: copies and source share a new groupId, groupName=source.name; source with group keeps it; meshModifiers undefined on copies; linkGroupId propagated; selection [source,...copies]; supports count on each copy equals source; one undo removes copies and restores source transform+supports; with platesBefore, undo also removes beds. | W93: No — sourceId and transforms are explicit. platesAfter defaults to the hook's live plates. | X93: duplicate-arrange | Y93: E
A94: plugin-import-arrange | B94: handleImportPluginSceneFile: arrangeImportedModels (inner closure) | C94: When the user chose auto-arrange: measures each new model's footprint plus its raft overhang (as-is and turned 90 deg), shelf-packs them into each existing plate in order, then opens new plates for the spill (an oversize model gets its own plate, centred), reserves the plates in one call, converts plate-local seats to world XY, then moves models and their supports. | D94: No | E94: Placement and duplicate layout | F94: useSceneCollectionManager.ts:6032-6220 | G94: Reads: view3dSettings width/depth/origin, platesRef, plateOffsetForRef, estimateRaftBoundsForModel (support store), model geometry Writes: models (setModels transforms), model.transform mutated in place on newModels, plates (addPlatesRef.current(n)), support store (transformSupportsForModel in a batch) | H94: Yes | I94: Mixed | J94: Mixed — ~120 lines of pure planning (shelfPack per bed, spill, seat resolution); THREE footprint projection; refs for plate offsets; in-place mutation of model objects. | K94: shelfPack, computeProjectedFootprintSize, plateLocalRect, estimateRaftBoundsForModel, addPlatesRef/plateOffsetForRef (plate layout) | L94: Partial | M94: Partial — `scene arrange` uses highPrecisionArrange on one plate; no shelf-pack, no spill into new plates, no raft reach. | N94: None (part of the un-undoable import) | O94: internal: handleImportPluginSceneFile (after supports applied in rAF, or immediately) | P94: M | Q94: Med | R94: High | S94: Needs footprint sizes as data (pre-computed from THREE); plate offsets depend on plate count after adding (grid re-lays), which the code already handles by planning first then resolving — good shape for a pure fn. MAX_IMPORT_PLATES=32 guard. | T94: planShelfImportArrange({ items: Array<{ id, width, depth, turnedWidth, turnedDepth, rotationZ }>, existingPlateIds: string[], bed:{widthMm,depthMm}, spacingMm, maxNewPlates }): { seatsByPlate: Array<{ plateRef: {existing:string}|{newIndex:number}, seats: Array<{id,x,y,rotationZ}> }>, newPlateCount: number } | U94: 5 items each 60% of bed width, 2 existing plates -> 2 on plate1, 2 on plate2, 1 new plate; an item larger than the bed in both poses -> its own new plate at bed centre; zero moves -> no setModels call. | V94: addPlatesRef/plateOffsetForRef are refs filled later in the hook (plate section) — ordering dependency inside the hook. | W94: Packs into every existing plate starting with the first, regardless of active plate; bed size from current printer. | X94: placement | Y94: F
A95: voxl-load-offbed-placement | B95: handleImportVoxlFile: off-bed check, placement prompt, free-spot arrange | C95: Lays out the file's beds (or the scene's, if the file has none) with the current bed size and ordering, counts models whose footprint stands on none of them, and if any asks 'load as is / auto-arrange'; auto-arrange puts every imported model into free spots on the ACTIVE plate. | D95: No | E95: Placement and duplicate layout | F95: useSceneCollectionManager.ts:6670-6719 | G95: Reads: view3dSettings, plateOrderingRef, platesRef, model geometry footprints Writes: importedModels positions (local) | H95: Yes | I95: Mixed | J95: Mixed — bed rect computation + off-bed filter is pure given footprints; footprint needs THREE geometry; prompt is awaited. | K95: plateCascadeOffsetMm, plateLocalRect, rectStandsOnAnyBed (plates/plateInteractivity), modelFootprintRect, findFreeSpotCentersForModels | L95: None | M95: None | N95: None | O95: internal: handleImportVoxlFile | P95: S | Q95: Med | R95: Med — — confirm intended behaviour of auto-arrange for a multi-plate file | S95: Prompt await; footprint from THREE geometry; auto-arrange of a multi-plate file collapses everything onto one plate (suspicious). | T95: findOffBedModels({ footprints: Array<{ id, rect: Rect2D }>, plateCount: number, bed: {widthMm,depthMm,originMode}, ordering }): string[] | U95: Model on plate 2 of a 2-plate file -> not off-bed; model 5mm past last bed's edge -> off-bed; file without plates + scene with 3 plates -> uses scene's 3 beds. | W95: Free-spot arrange targets the active plate (activePlateRect), even for a multi-plate file whose plates have just been adopted. | X95: placement | Y95: F
A96: transforms-equal | B96: transformsEqual | C96: Tolerance test (1e-5, squared distance for position/scale, abs per Euler axis) for whether two model transforms are the same; used to skip no-op history entries and support moves. | D96: No | E96: Transform | F96: useSceneCollectionManager.ts:361-368 | G96: Reads: None Writes: None | H96: No | I96: Mostly pure | J96: Mostly pure — but typed on THREE Vector3/Euler methods (distanceToSquared). | K96: None | L96: None | M96: None | N96: None (gates whether history is pushed) | O96: internal: 3136, 3247, 3330, 3460, 5659, 6234, 6797 | P96: S | Q96: Low | R96: High | S96: Uses THREE methods; easy to restate on {x,y,z}. | T96: transformsEqual({ a: PlainTransform, b: PlainTransform, epsilon? }): boolean | U96: Equal within 1e-5 -> true; position differing by 0.004 mm (sq 1.6e-5) -> false; rotation compared per axis without wrap (0 vs 2pi -> false). | W96: No | X96: transform | Y96: A
A97: supports-for-models | B97: hasSupportsForModel, supportStateFor | C97: Whether any support entity references a model id; and the whole support store when any of the given models has supports (for deciding if a snapshot must carry support state). | D97: No | E97: Transform | F97: useSceneCollectionManager.ts:483-486, 503-506 | G97: Reads: support store getSnapshot() Writes: None | H97: No | I97: Mixed | J97: Mixed — logic is a lookup but supportStateFor reads the global store. | K97: getSupportsForModel (SupportModelLinker) | L97: None | M97: None | N97: Decides whether history entries include support state. | O97: internal: hasSupportsForModel 3297, 3345, 3442, 3608 (+ a shadowing local at 4911); supportStateFor 7711, 7811 | P97: S | Q97: Med | R97: High | S97: Global store read; pass supportState in. | T97: modelsWithSupports({ supports: SupportStateLike, modelIds: string[] }): string[] | U97: A model with only a knot/kickstand counts; a model with none -> false; empty model list -> undefined. | W97: No (ids given), but reads global support store | X97: supports-in-scene | Y97: A
A98: set-model-transform-raw | B98: setModelTransformRaw | C98: Sets one model's transform without moving its supports or pushing history; re-resolves which plate it stands on (withPlateMembership) and, if that plate changed and 'follow landed plate' is on, makes it the active plate. | D98: Yes | E98: Transform | F98: useSceneCollectionManager.ts:3073-3089 | G98: Reads: modelsRef, plateFramesRef, followLandedPlateRef Writes: setModels (one model's transform + plateId), setActivePlateId | H98: No | I98: Mostly pure | J98: Mostly pure — plate resolution and follow decision are pure (plateLayout); setState is plumbing. Does not use followedPlateIdForMove, which updateModelTransform uses for the same decision | K98: resolveModelPlateId, withPlateMembership (plates/plateLayout.ts) | L98: Partial | M98: Partial — scene transform-model writes position/rotation/scale directly and does not re-resolve plateId (so a model moved to plate 2 keeps plateId of plate 1) | N98: None — caller (mirror) records history itself via replaceModelGeometry with historyBefore | O98: src/features/mirror/useMirrorManager.ts (381, live mirror preview) | P98: S | Q98: Med | R98: High | S98: Close to extractable now: compose withPlateMembership + a follow rule. Ignores the plate lock (updateModelTransform checks it at 3116). Restates the follow rule instead of calling followedPlateIdForMove — candidate to unify. | T98: setModelTransform({ model: PlateMember & { id }; transform: { position: {x,y,z}; rotation; scale }; frames: PlateFrame[]; followLandedPlate: boolean; activePlateId: string }) => { model: same type with transform + plateId; activePlateId: string } | U98: Move model from plate A frame into B frame with follow on -> plateId B, active B; follow off -> plateId B, active unchanged; position outside all frames -> keeps stored plateId; unknown id -> no change. Parity: CLI transform-model on same input should yield same plateId (fails today). | V98: followLandedPlateRef mirrors multiPlateSettings (Multi-Plate preferences) | W98: No — takes id; reads multi-plate setting from a ref | X98: transform | Y98: B
A99: update-model-transform | B99: updateModelTransform | C99: Writes one model's new transform (every drag, gizmo, panel edit, nudge ends here). Refuses if the model's plate or its landing plate is locked; moves the model's supports; propagates the delta to linked peers; restamps plateId; may switch the active plate to where it landed and re-frame the camera. Returns {updated, supportsChanged, kickstandsChanged}. No history (caller commits separately). | D99: Yes | E99: Transform | F99: useSceneCollectionManager.ts:3091-3231 | G99: Reads: modelsRef, lockedPlateIdsRef (via isModelPlateLocked), plateFramesRef, followLandedPlateRef (Multi-Plate setting), activePlateIdRef, onBlockedByLockRef, support store (transformSupportsForModel) Writes: models (transform+plateId of target and link peers), support store (roots/trunks/knots/kickstands moved; all supports reassigned to this id if scene has one model and an override was passed), activePlateId, plateViewRunId | H99: No | I99: Mixed | J99: Mixed — real rules: lock check, equality short-circuit, link-peer delta, plate resolution, follow-plate decision (already pure: followedPlateIdForMove, withPlateMembership). Plumbing: refs, setModels/setActivePlateId/setPlateViewRunId, side-effecting support store calls inside. | K99: plates/plateLayout.ts (resolveModelPlateId, withPlateMembership), plates/plateInteractivity.ts (followedPlateIdForMove), supports/state.ts (transformSupportsForModel, transformAllSupportsForSingleModel, reassignAllSupportModelIds), utils/rotation (eulerFromGlobalEuler), module transformsEqual | L99: Partial | M99: Partial — `scene transform-model` overwrites position/rotation/scale on the VOXL entry by hand: no link-peer propagation, supports NOT moved, plateId not re-resolved, no equality/finite check, no follow-plate. Lock is session-only so n/a to CLI. | N99: None here; caller pushes via commitModelTransformHistory (page.tsx transform-end flush). | O99: src/app/page.tsx:2477 (apply orientation suggestion), :6615/:6711/:6761 (non-finite auto-recovery & transform sync), :8599 (gizmo transform end) | P99: M | Q99: High | R99: High | S99: Transforms are THREE.Vector3/Euler (clone/sub/add); support movement is a mutable module store, not a return value; plate follow + camera re-frame are UI. Needs a pure 'planTransform' that returns per-model transforms+plateIds+support delta list; manager then calls support store. | T99: planModelTransform({ models: {id, transform:{position,rotation,scale}, linkGroupId?, plateId?}[], targetId, nextTransform, beforeTransform?, frames: PlateFrame[], lockedPlateIds: string[], landedPlateId? }): { refused?: { plateId }, updates: {id, transform, plateId}[], landedPlateIds: string[] } | U99: (a) id missing -> updated:false; (b) equal within 1e-5 -> updated:false, no support change; (c) linked pair A,B: move A by (+5,0,0), rot +0.1 x, scale +0.5 -> B gets same additive deltas; (d) model on plate 1 dragged into plate 2 frame -> plateId=plate2, active plate follows only when followLandedPlate; (e) locked source or target plate -> refused with that plate id; (f) single-model scene with override -> all supports reassigned to id. | V99: onBlockedByLock callback from page.tsx (toast); plateViewRunId consumed by camera framing in SceneCanvas | W99: No for the model (explicit id). Implicit: lock set, Multi-Plate follow setting, active plate; previousTransformOverride + single-model scene triggers 'reassign ALL supports to this model' (context-dependent). | X99: transform | Y99: C
A100: transform-plate-lock-guard | B100: (inline guard) isModelPlateLocked / lockedPlateIdFor used by updateModelTransform & updateModelTransforms | C100: Refuses a transform if the model's current plate OR the plate it would land on is locked, and reports which locked plate via onBlockedByLock. Lock state itself (lockedPlateIds) is session-only, not saved (lines 1503-1512); helpers at 1540-1572. | D100: No | E100: Transform | F100: useSceneCollectionManager.ts:3111-3122, 3374-3392 (helpers 1540-1572) | G100: Reads: lockedPlateIdsRef, plateFramesRef Writes: none (calls onBlockedByLockRef) | H100: No | I100: Mostly pure | J100: Mostly pure — a membership test on resolveModelPlateId; plumbing is the ref and the callback. | K100: plates/plateLayout.ts resolveModelPlateId | L100: None | M100: None — lock is not a document field, CLI has no notion of it (arguably correct). | N100: None | O100: internal: updateModelTransform, updateModelTransforms; also page.tsx:9250-9276 duplicates a pre-check at handleTransformStart (active+selected ids) | P100: S | Q100: Low | R100: High | S100: Trivial to extract; the page.tsx pre-check is a second copy with different targets (active+selection only, not landing plate). | T100: findLockedMove({ updates: {id, transform}[], models: {id, transform, plateId?}[], frames: PlateFrame[], lockedPlateIds: string[] }): { modelId, plateId } | null | U100: Model on unlocked plate1 moved into locked plate2 -> refused, reports plate2; model on locked plate1 moved anywhere -> refused, reports plate1; no locks -> null; batch with one locked entry refuses the whole batch. | V100: onBlockedByLock passed from page.tsx options (notifyPlateLocked toast) | W100: No (explicit model) but reads session lock set | X100: plates | Y100: C
...

Sheet page.tsx rules
A1: ID | B1: Name in code | C1: Operation | D1: Returned | E1: Command group | F1: Location | G1: State read / written | H1: Implicit target | I1: Pure vs React | J1: Pure vs React (detail) | K1: Existing pure helper | L1: CLI status | M1: CLI today | N1: Undo | O1: Callers | P1: Effort | Q1: Risk | R1: Confidence | S1: Extraction notes | T1: Draft pure function | U1: Test first | V1: Suspected wiring | W1: Implicit target (detail) | X1: Hook functions called | Y1: Agent group
A2: history-jump | B2: jumpHistoryToCounts / handleHistoryJumpToEvent / handleHistoryCancelPreview | C2: Debug history panel: jump to an event by undoing/redoing until the undo count matches (safety 800), only within the same undo+redo total; cancel returns to the baseline. | D2: No | E2: Foundations: pins and seams | F2: page.tsx:6461-6499 | G2: Reads: getUndoCount/getRedoCount Writes: scene via undo/redo | H2: No | I2: Mostly pure | J2: Mostly pure — loop over undo/redo. | K2: history store | L2: None | M2: None | N2: Replays undo/redo | O2: HistoryDebug panel | P2: S | Q2: Low | R2: High | S2: None. | T2: n/a (debug) | U2: 10 entries, jump to 4 -> undoCount 4. | W2: No | Y2: history-core
A3: sc-plate-scenery | B3: plateSceneryModelIds / modelPlateStates / isModelFocusable | C3: Models on another plate are scenery: dimmed and not pickable, except selected ones. | D3: No | E3: Plates, phase 2 | F3: SceneCanvas.tsx:1094-1109, SceneCanvas.tsx:1710-1736 | G3: Reads: models, plateFrames, activePlateId, plates, selectedModelIds Writes: memo values | H3: Yes | I3: Mostly pure | J3: Mostly pure — already delegates. | K3: plates/plateInteractivity.sceneryModelIds, modelPlateScope | L3: n/a | M3: n/a | N3: None | O3: SceneCanvas | P3: S | Q3: Low | R3: High | S3: Already extracted. | T3: n/a (already pure) | U3: Covered by plateInteractivity tests. | W3: Yes — active plate | Y3: plates
A4: sc-next-plate-frame-ghost-drop | B4: nextPlateFrame / applySelectDragMove ghost logic / finishSelectDrag spawnPlate | C4: Where the next plate would go (cascade step past the last plate) and whether a select-drag is off every plate and over that ghost; a drop there sends spawnPlateForDrop to handleTransformEnd. | D4: No | E4: Plates, phase 2 | F4: SceneCanvas.tsx:1741-1757, SceneCanvas.tsx:6102-6214 | G4: Reads: plateFrames, plateOrdering, group position Writes: ghostPlateMode, ghostPlateDropArmedRef | H4: No | I4: Mixed | J4: Mixed — next-frame and hit test are pure; rest is pointer plumbing. | K4: plateCascadeOffsetMm | L4: None | M4: None | N4: Folded into transform end (plateSpawn) | O4: page.tsx handleTransformEnd | P4: S | Q4: Med | R4: High | S4: Restates the frame rect math from plateLayout. | T4: nextPlateFrame({ frames, ordering }); dropTarget({ point, frames, next }) | U4: Two plates, drop at next cascade rect -> spawnPlate true; on plate 1 -> false. | W4: No | Y4: plates
A5: plate-widget-passthroughs | B5: onAddPlate / onTogglePlateLock / onActivatePlate / onRenamePlate (JSX) | C5: Plate widget actions pass straight to the hook: add plate, toggle lock of the active plate, activate, rename. | D5: No | E5: Plates, phase 2 | F5: page.tsx:10827-10851 | G5: Reads: scene.plateLocked Writes: plates | H5: Yes | I5: Mostly React. | J5: Mostly React. | K5: None | L5: None | M5: None | N5: via hook | O5: SceneCanvas | P5: S | Q5: Low | R5: High | S5: None. | T5: n/a (passthrough) | U5: n/a | W5: Partly — lock toggles the active plate | X5: scene.addPlate, setPlateLocked, activatePlate, renamePlate | Y5: plates
A6: slice-run-plate-scope | B6: handleSliceRunStartedForPrinting / recordPrintingSlice / handleSlicePlateSliced / handleSliceArtifactReady | C6: Records each sliced bed against the plate actually sliced (context.plateId), falling back to the active plate; batch slicing records each plate as it finishes. | D6: No | E6: Plates, phase 2 | F6: page.tsx:2667-2887 | G6: Reads: scene.activePlateId, activeSliceProfileFingerprint Writes: slicedPlates store, printing layer state | H6: Yes | I6: Mostly React | J6: Mostly React — glue to slicedPlates. | K6: useSlicedPlates | L6: Partial | M6: Partial — scene slice --plate slices one plate; no batch | N6: None | O6: ExportPanelStack | P6: M | Q6: Med | R6: Med — — 2714-2887 not read fully | S6: Handoff §3: slice->print glue, tied to the monitor hook. | T6: n/a (UI plumbing) | U6: Batch slice plates 1,2 while active=1: both recorded under their own ids. | W6: Partly — falls back to scene.activePlateId | Y6: plates
A7: printing-scrub-preview-models | B7: printingScrubPreviewModels | C7: Models on the active plate, shifted by -plate offset so the printing scrub preview (drawn around the origin) shows the right bed. Same shift the slice uses. | D7: No | E7: Plates, phase 2 | F7: page.tsx:2920-2934 | G7: Reads: scene.models, scene.activePlateId, scene.plateFrames Writes: memo value | H7: Yes | I7: Mostly pure | J7: Mostly pure — modelsOnPlate + offset; THREE.Vector3 clone. | K7: plateLayout.modelsOnPlate | L7: Full | M7: Full — CLI applies plateSliceScope offsetMm the same way | N7: None | O7: PrintingPreviewPane | P7: S | Q7: Med | R7: High | S7: Restates the offset shift instead of using plateSliceScope. | T7: n/a (use plateSliceScope({frame, models, frames}).offsetMm) | U7: Plate 2 at dx=130: model at x=130 -> preview x=0. | W7: Yes — active plate | Y7: plates
A8: active-plate-model-ids | B8: activePlateModelIds | C8: Set of model ids on the active plate (modelsOnPlate). Scopes layer count, print time, resin estimate and slicing to the bed being worked on. | D8: No | E8: Plates, phase 2 | F8: page.tsx:828-834 | G8: Reads: scene.models, scene.activePlateId, scene.plateFrames Writes: memo value | H8: Yes | I8: Mostly pure | J8: Mostly pure — already delegates to the pure modelsOnPlate. | K8: plateLayout.modelsOnPlate | L8: Full | M8: Full — scene slice --plate uses the same modelsOnPlate/plateSliceScope | N8: None | O8: internal: visibleResinModels, slicingModels, excludedSliceModelIds | P8: S | Q8: Low | R8: High | S8: Nothing; already the ADR-0045 pattern. Only the implicit active plate remains. | T8: n/a (already modelsOnPlate({models, plateId, frames})) | U8: Covered by plateLayout tests; add a page-level check that slicingModels is a subset of it. | W8: Yes — reads scene.activePlateId | X8: scene.activePlateId, scene.plateFrames | Y8: plates
A9: grouping-rename-passthrough | B9: handleGroupSelectedModels / handleUngroupSelectedModels / handleUngroupFolder / handleSplitImportGroup / handleRenameFolder / handleRenameModel | C9: Thin passthroughs from the Models panel to the hook's grouping and rename functions. | D9: No | E9: Model fields (quick wins) | F9: page.tsx:5657-5679 | G9: Reads: none Writes: via hook | H9: No | I9: Mostly React | J9: Mostly React — one-line wrappers. | K9: modelGroupingHistory (inside hook) | L9: Partial | M9: Partial — scene group / ungroup exist; no rename/split-import-group | N9: via hook | O9: ModelsPanel | P9: S | Q9: Low | R9: High | S9: None. | T9: n/a (passthrough) | U9: n/a | W9: No (ids passed) | X9: scene.groupModels, ungroupModels, ungroupGroup, splitImportGroup, renameGroup, renameModel | Y9: grouping
A10: scene-autosave-wiring | B10: useSceneAutosave({...}) | C10: Feeds the autosave hook every field the VOXL writer accepts: models, active/selected ids, plates, activePlateId, plateName, printer bundle, plateOrdering, and the save path so the sidecar follows the project. | D10: No | E10: Save input (export-save) | F10: page.tsx:1194-1221 | G10: Reads: scene.models/activeModelId/selectedModelIds/plates/activePlateId/plateName/voxlPrinterBundle/plateOrdering, activeSceneFilePath, sceneFormatChunked Writes: sceneFormatChunked (on upgrade) | H10: No | I10: Mostly React | J10: Mostly React — wiring; the 'which fields go into a save' list is the rule. | K10: useSceneAutosave, ExportManager.exportScene | L10: Partial | M10: Partial — CLI saveVoxl must carry the same field list (ADR rule 6); manual save and autosave each restate it | N10: None (autosave does not touch history) | O10: internal | P10: S | Q10: High | R10: High | S10: The field list is restated here and in performTopBarSaveScene; a shared buildSceneSaveContext would pin it. | T10: buildVoxlSaveContext({ models, activeModelId, selectedModelIds, plates, activePlateId, plateName, printer, plateOrdering }) | U10: Round-trip: 2-plate scene with printer bundle and custom ordering -> autosave payload contains all 8 fields. | V10: window.__df_flushAutosave set at 1224-1227 for the updater | W10: No (whole scene) | Y10: export-save
A11: save-baseline-dirty | B11: markSceneSaveBaseline / recomputeUnsavedSceneChanges / subscribeHistory effect | C11: Unsaved-changes rule: the scene is dirty when it has models and the undo count, redo count or model count differs from the baseline taken at the last save/open/empty. | D11: No | E11: Save input (export-save) | F11: page.tsx:1770-1801 | G11: Reads: getUndoCount, getRedoCount, scene.models.length Writes: sceneSaveBaselineRef, hasUnsavedSceneChanges(+Ref) | H11: No | I11: Mixed | J11: Mixed — the predicate is pure; the subscription and refs are React. | K11: history store (getUndoCount/getRedoCount/subscribeHistory) | L11: None | M11: None — CLI has no dirty concept | N11: Reads history counts only | O11: handleRequestNewScene, close-program flow | P11: S | Q11: Low | R11: High | S11: Counts-based: an undo then a different edit with equal counts reads clean. Worth a decision. | T11: isSceneDirty({ baseline:{undo,redo,modelCount}, current:{undo,redo,modelCount} }): boolean | U11: baseline {2,0,1}: current {2,0,1}->clean; {3,0,1}->dirty; 0 models->clean even if counts differ. | W11: No | Y11: export-save
A12: slice-thumbnail-per-plate | B12: captureSliceThumbnailPng | C12: Frames the export thumbnail on the given plate's build volume so each plate's file gets its own picture; falls back to the default capture. | D12: No | E12: Save input (export-save) | F12: page.tsx:2944-2950 | G12: Reads: scene.plateFrames, plateVolumeBounds Writes: None | H12: No | I12: Mostly React | J12: Mostly React — canvas capture. | K12: exportThumbnailOptions / captureExportThumbnailPng | L12: None | M12: None — CLI writes no thumbnail | N12: None | O12: ExportPanelStack | P12: S | Q12: Low | R12: High | S12: Needs the live WebGL canvas. | T12: n/a (UI plumbing) | U12: Plate 2 thumbnail excludes plate-1 models. | W12: No (plateId param) | Y12: export-save
A13: before-slice-start | B13: handleBeforeSliceStart / handlePreSliceSceneSave / suggestedSliceOutputFilename | C13: Pre-slice gate: preview slices straight away; file/uvtools picks a path (batch reuses the folder); upload/print picks a reachable printer (picker if several or material needed) and confirms print. Output filename from the active model name else the printer name, sanitised, with the profile's extension. Flushes autosave first. | D13: No | E13: Save input (export-save) | F13: page.tsx:4135-4269 | G13: Reads: scene.activeModel, scene.models[0], activePrinterProfile, printer fleet Writes: pre-slice refs, picker state | H13: Yes | I13: Mostly React | J13: Mostly React — awaits on dialogs; filename sanitiser is pure. | K13: resolveOutputFileExtension, sliceFileBaseName, joinSliceOutputPath | L13: None | M13: None — CLI takes --o | N13: None | O13: ExportPanelStack / SlicingPanel | P13: S | Q13: Low | R13: High | S13: Awaits user pickers. | T13: sliceOutputFileName({ modelName, printerName, format, version }) | U13: Model 'a/b c.stl' -> 'a_b_c.ctb'. | W13: Yes — active model for file name | Y13: export-save
A14: top-bar-save-scene | B14: performTopBarSaveScene | C14: Manual Save: saves VOXL with only the VISIBLE models if any are visible (else all), plus selection, plates, active plate, plate name, printer, ordering and a thumbnail. Sets the active path, deletes the old sidecar after Save As, latches 3.1 format, re-baselines and clears autosave. | D14: No | E14: Save input (export-save) | F14: page.tsx:4557-4654 | G14: Reads: scene.models (visible filter), scene ids, plates, printer, activeSceneFilePath, supportsRef Writes: activeSceneFilePath, loadedSceneSaveSource, preferredOverwriteScenePathRef, toasts, sceneFormatChunked, baseline | H14: No | I14: Mixed | J14: Mixed — scope rule + field list are pure; thumbnail capture (RAF x2, cross-section toggle), Tauri path, toasts are React. | K14: ExportManager.exportScene, resolveEntirePlateExportBaseName, deleteAutosaveSidecarForProject | L14: Partial | M14: Partial — CLI saveVoxl writes the whole doc; no visible-only scoping | N14: None (calls markSceneSaveBaseline) | O14: internal: saveCurrentSceneNow, queueTopBarSaveScene (Ctrl+S, TopBar Save/Save As, save-and-close/new) | P14: M | Q14: High | R14: Med — — confirm the visible-only scope is intended (ExportManager scopes supports to it too) | S14: SURPRISE: hidden models are dropped from a manual save when any model is visible (autosave keeps all). Thumbnail needs the live canvas. | T14: resolveSaveScope({ models:{id,visible}[] }): ids; buildVoxlSaveContext({...}) | U14: Scene with 1 visible + 1 hidden model: manual save writes 1 model and that model's supports; autosave writes 2. All hidden: writes both. | W14: No (whole scene) but visible-only scope is implicit | Y14: export-save
A15: save-path-resolution | B15: resolveSceneSaveNativePath / saveCurrentSceneNow / handleTopBarSaveScene / handleTopBarSaveSceneAs / queueTopBarSaveScene | C15: Decides where Ctrl+S writes: a loaded VOXL with a native path asks overwrite / save-as / cancel once, then remembers; a VOXL with no native path (blob cache) goes straight to Save As; a non-VOXL import saves as a new file. Queues saves so only one is in flight. | D15: No | E15: Save input (export-save) | F15: page.tsx:4726-4889 | G15: Reads: activeSceneFilePath, loadedSceneSaveSource, preferredOverwriteScenePathRef Writes: preferredOverwriteScenePathRef, save queue refs | H15: No | I15: Mostly React | J15: Mostly React — modal promise and queue; the path decision table is pure. | K15: normalizeActiveVoxlScenePath, getFileExtension | L15: None | M15: None — CLI always overwrites its input path | N15: None | O15: TopBar, Ctrl+S hotkey effect, SAVE_AS action effect, close/new flows | P15: S | Q15: Med | R15: High | S15: Await on a user modal mid-decision. | T15: resolveSaveTarget({ activePath, loadedSource, rememberedOverwritePath }): {kind:'overwrite'|'ask'|'save-as', path?} | U15: loaded .voxl with path, not remembered -> ask; remembered -> overwrite; .stl source -> new file. | W15: No | Y15: export-save
A16: empty-scene-reset | B16: useEffect (scene.models.length === 0) | C16: When the scene becomes empty: drops the save target path, resets format to chunked, closes save/close/new-scene modals, cancels a pending save-choice prompt and re-baselines. 'Empty scene' is the app's definition of 'no project'. | D16: No | E16: Save input (export-save) | F16: page.tsx:4891-4910 | G16: Reads: scene.models.length Writes: activeSceneFilePath, loadedSceneSaveSource, sceneFormatChunked, modals, baseline | H16: No | I16: Mostly React | J16: Mostly React — the rule 'empty scene = no project' is one line. | K16: None | L16: None | M16: None | N16: None | O16: internal | P16: S | Q16: Med | R16: High | S16: Hidden coupling: startNewScene relies on this effect to finish the new-scene job. | T16: n/a (UI plumbing) | U16: Delete last model -> next save prompts Save As (no remembered path). | V16: startNewScene depends on this effect firing | W16: No | Y16: export-save
A17: autosave-recovery-discovery | B17: useEffect (resolveAutosaveRecovery) | C17: On startup, offers recovery only if enabled, in Tauri, not launched with a scene file, and the found autosave is not marked clean. | D17: No | E17: Save input (export-save) | F17: page.tsx:4925-4980 | G17: Reads: sceneAutosaveSettings, pendingStartupSceneHandoff, Tauri get_launch_scene_files Writes: autosaveRecovery | H17: No | I17: Mostly React | J17: Mostly React — Tauri invoke and async; rule = 'not clean and no launch file'. | K17: resolveAutosaveRecovery | L17: None | M17: None | N17: None | O17: internal | P17: S | Q17: Low | R17: High | S17: Tauri. | T17: n/a (UI plumbing) | U17: Launch file present -> no prompt. | W17: No | Y17: export-save
A18: clear-or-delete-plate | B18: onClearPlate / plate trash confirm (JSX) | C18: Plate bin rule: on a non-first plate when there is more than one, the bin deletes the plate (with its models; immediately if empty); otherwise it clears the plate by deleting only the models on the active plate (not the selection). | D18: No | E18: Delete | F18: page.tsx:10855-10866, page.tsx:11683-11701 | G18: Reads: scene.plates, activePlateId, models, plateFrames Writes: plates, models | H18: Yes | I18: Mostly pure | J18: Mostly pure — intent rule + modelsOnPlate; rest is modal. | K18: plateLayout.modelsOnPlate | L18: None | M18: None — no CLI remove-plate/clear-plate | N18: via scene.removePlate / scene.deleteModels | O18: SceneCanvas plate widget, confirm modal | P18: S | Q18: Med | R18: High | S18: Rule restated in two JSX closures. | T18: plateTrashIntent({ plates, plateId, models, frames }): 'delete-now'|'delete'|'clear' | U18: Plate 1 of 2 -> clear; empty plate 2 -> deleted immediately; plate 2 with models -> confirm then delete with models. | W18: Yes — active plate | X18: scene.removePlate, scene.deleteModels | Y18: plates
A19: new-scene | B19: startNewScene / handleRequestNewScene / handleDiscardAndNewScene / handleSaveAndNewScene | C19: New Scene = delete every model through scene.deleteModels (one undoable entry); the empty-scene effect then drops the save target. Asks first if dirty. | D19: No | E19: Delete | F19: page.tsx:5067-5105 | G19: Reads: scene.models, hasUnsavedSceneChangesRef Writes: scene (deleteModels), modal state | H19: No | I19: Mostly React | J19: Mostly React — modal flow; the rule is 'new = delete all, undoable'. | K19: None | L19: Partial | M19: Partial — 'scene create' writes a fresh file; different semantics (not undoable, plates reset) | N19: scene.deleteModels history entry | O19: TopBar onNewScene | P19: S | Q19: Med | R19: Med — — check whether extra plates should survive New Scene | S19: Plates are NOT reset (deleteModels, not deleteModelsAndExtraPlates) — check intent. | T19: n/a (calls deleteModels with explicit ids) | U19: 3 plates with models -> New Scene -> 0 models; plates count (pin current behaviour); undo restores models. | W19: No (all models) | X19: scene.deleteModels | Y19: scene-models
A20: select-all-and-delete | B20: Ctrl+A branch of hotkey effect + registerDeleteHandler effects + model-clicked listener | C20: Ctrl+A selects all visible models (in hollowing: all hole punches) and sets a select-all flag. Delete with select-all on deletes models AND extra plates (scene left as one empty plate); otherwise deletes the selection. A model click clears the flag. | D20: No | E20: Delete | F20: page.tsx:9435-9484, page.tsx:9898-9936 | G20: Reads: scene.models, selectedModelIds, isSelectAllModelsActive Writes: scene models/plates | H20: Yes | I20: Mostly React | J20: Mostly React — hotkey store subscriptions; delete rule is pure. | K20: registerDeleteHandler | L20: Partial | M20: Partial — scene remove-model (one id, no plates) | N20: via scene.deleteModels / deleteModelsAndExtraPlates | O20: hotkeyStore, delete hotkey registry (priority 30/20) | P20: S | Q20: Med | R20: High | S20: Select-all semantics carried by a UI flag, not the scene. | T20: deleteTargets({ selectedIds, selectAll }): {modelIds, removeExtraPlates} | U20: Ctrl+A on 3 plates then Delete -> 1 empty plate; click a model then Delete -> only selection deleted. | V20: registerDeleteHandler priorities; window events 'model-clicked'/'model-deselected' dispatched by SceneCanvas | W20: Yes — selection | X20: scene.deleteModels, scene.deleteModelsAndExtraPlates, setSelectedModelIds, setActiveModelId | Y20: scene-models
A21: sc-align-live-transform-to-lift | B21: alignLiveTransformToLift | C21: Snaps a live gizmo transform so the model's lowest point is at the lift distance (auto-lift) or 0.001mm when auto-snap is on. | D21: No | E21: Volume bounds and seating | F21: SceneCanvas.tsx:1054-1088 | G21: Reads: autoLift, autoSnapEnabled, liftDistance, model geometry Writes: None (returns transform) | H21: No | I21: Mostly pure | J21: Mostly pure — computeLowestZ over a matrix; THREE types. | K21: computeLowestZ, quaternionFromGlobalEuler | L21: None | M21: None | N21: None | O21: internal SceneCanvas live drag | P21: S | Q21: Med | R21: Med | S21: Fourth copy of 'seat on plate' (vs getModelLowestWorldZ/buildLiftDropUpdates); 0.001 vs 0 differs from page Drop. | T21: n/a (use selectionLiftDrop.getModelLowestWorldZ) | U21: Same model: alignLiveTransformToLift z vs buildLiftDropUpdates z agree within 0.001. | W21: No (model passed) | Y21: placement
A22: sc-volume-boxes-and-oob | B22: buildVolumeBounds / plateVolumeBoxes / volumeBoxForModel / computeModelWorldBounds / modelWorldBounds / outOfBoundsModels | C22: Viewport out-of-bounds: model mesh bounds unioned with its supports/raft bounds, tested against its plate's volume minus safety margins; live group transforms during drags; suppressed during rotate grace. | D22: No | E22: Volume bounds and seating | F22: SceneCanvas.tsx:2022-2210 | G22: Reads: models, plateFrames, activeBuildVolumeSettings (margins), support store, live meshes Writes: memo values | H22: Yes | I22: Mixed | J22: Mixed — rule is pure; reads THREE group refs during drag. | K22: isBoundsOutsideVolume, compute*ModelWorldBounds, resolveModelPlateId | L22: None | M22: None | N22: None | O22: SceneCanvas shader/overlay | P22: S | Q22: Med | R22: High | S22: Differs from page.tsx rule (supports + margins included here). | T22: modelsOutsideVolumes({ ..., margins, includeSupports }) | U22: Model inside volume but trunk outside margin -> OOB here, in-bounds on page. | W22: Partly — active plate for drawn volume | Y22: plates
A23: resin-in-bounds-models | B23: resinBuildVolumeBounds / resinInBoundsModelIdSet / visibleResinModels / sceneResinModels | C23: Models counted in the resin estimate: visible and fully inside the volume of the plate they stand on (approx bounds first, precise when approx is outside). Per-plate figure uses the active plate; scene total uses all plates. | D23: No | E23: Volume bounds and seating | F23: page.tsx:3073-3168 | G23: Reads: scene.view3dSettings, scene.models, volumeBoundsForModel, activePlateModelIds Writes: memo values | H23: Yes | I23: Mostly pure | J23: Mostly pure — bounds tests; THREE.Box3 and geometry bounds. | K23: computeApproxModelWorldBounds, computePreciseModelWorldBounds, isBoundsOutsideVolume | L23: None | M23: None | N23: None | O23: internal: resin estimate effect, supportAndRaftResinMl | P23: S | Q23: Med | R23: High | S23: resinBuildVolumeBounds duplicates buildVolumeBounds (7430) exactly. | T23: modelsInsideVolumes({ models, frames, volume, eps }): ids | U23: Model half outside plate -> excluded from resin, still sliceable. | W23: Yes — active plate for per-plate figure | Y23: export-save
A24: sliceable-models | B24: sliceableModelIdSet / slicingModels / excludedSliceModelIds | C24: What gets sliced: visible models on the active plate whose bounds overlap their plate's volume at all (partly-out models are kept and cropped by the raster; only fully-disjoint ones are excluded). The excluded list is shown in the Export panel. | D24: No | E24: Volume bounds and seating | F24: page.tsx:3128-3157, page.tsx:6840-6851 | G24: Reads: scene.models, volumeBoundsForModel, resinBuildVolumeBounds, activePlateModelIds Writes: memo values | H24: Yes | I24: Mostly pure | J24: Mostly pure — overlap tests over bounds; THREE.Box3. | K24: isBoundsDisjointFromVolume, isBoundsOutsideVolume, compute*ModelWorldBounds, modelsOnPlate | L24: Partial | M24: Partial — scene slice scopes to plate (plateSliceScope) but does NOT drop disjoint models | N24: None | O24: ExportPanelStack (excludedSliceModelIds), useSlicingManager (hasGeometry), Z range | P24: M | Q24: High | R24: High | S24: Needs mesh world bounds (geometry); the CLI has positions so could compute them. | T24: sliceScope({ models:{id,visible,bounds}[], plateId, frames, volume, eps }): { included, excluded } | U24: Plate with model fully outside its volume (z>maxZ start) -> excluded and listed; half-overlapping -> included. Add check:scene-slice case. | W24: Yes — active plate | Y24: plates
A25: scene-z-range | B25: accurateMaxZ / fallbackZRange / normalizeToSlicerZRange / buildProjectedZRangeCacheKey / Z-range effect | C25: Z range for the layer slider and slicer: max Z from actual transformed vertices of slicing models; min 0 when supports/raft exist; in printing/export modes clamp to printer build height and floor at 0; projected range computed at idle in printing, cached (8 entries). | D25: No | E25: Volume bounds and seating | F25: page.tsx:6835-7023 | G25: Reads: slicingModels, supports snapshot, raft settings, activePrinterProfile.buildVolumeMm.height, scene.sceneBounds, scene.mode Writes: sceneZRange | H25: Yes | I25: Mixed | J25: Mixed — maxZ and clamp are pure; caching/idle callback is React. | K25: quaternionFromGlobalEuler, buildProjectedCrossSectionZRange | L25: None | M25: None — CLI slicer computes its own max Z | N25: None | O25: useSlicingManager({zRange}) | P25: S | Q25: Med | R25: High | S25: Vertex loop over THREE buffers; idle scheduling. | T25: sceneZRange({ models, hasSupportsOrRaft, buildHeightMm, slicerAligned }): {min,max} | U25: Rotated cube: accurateMaxZ equals slicer's max (not Box3.applyMatrix4 overestimate); model 200mm on 150mm printer -> 150. | W25: Yes — via slicingModels (active plate) | Y25: export-save
A26: out-of-bounds-models-page | B26: computeModelWorldBounds / buildVolumeBounds / outsidePlateModelIds / inBoundsModelIds | C26: Models outside the volume of the plate they stand on (using the live hook transform for the active model); feeds the Models panel and Prepare warnings. | D26: No | E26: Volume bounds and seating | F26: page.tsx:7406-7482 | G26: Reads: scene.models, view3dSettings, transformMgr.transform, volumeBoundsForModel Writes: memo values | H26: Yes | I26: Mostly pure | J26: Mostly pure — bounds tests. | K26: isBoundsOutsideVolume, compute*ModelWorldBounds, shouldUsePreciseBoundsForTransform | L26: None | M26: None | N26: None | O26: PreparePanelStack, ModelsPanel | P26: S | Q26: Med | R26: High | S26: Third copy of the out-of-bounds rule (also resinInBounds and SceneCanvas.outOfBoundsModels, which adds supports and margins). | T26: modelsOutsideVolumes({ models, frames, volume, eps }): ids | U26: Same scene: page outsidePlateModelIds vs SceneCanvas outOfBoundsModelIds differ only by supports/margins (pin it). | W26: Partly — live transform for active | Y26: plates
A27: plate-volume-bounds | B27: plateVolumeBounds | C27: Builds one world-space build-volume box per plate from scene.plateFrames (x/y from the frame, z 0..maxZMm). Null when the build volume is disabled. | D27: No | E27: Volume bounds and seating | F27: page.tsx:806-813 | G27: Reads: scene.plateFrames, scene.view3dSettings.enabled/maxZMm Writes: memo value | H27: No | I27: Mostly pure | J27: Mostly pure — a map from frames to boxes; only THREE.Box3 makes it non-pure. No margins here, unlike SceneCanvas.plateVolumeBoxes which subtracts safety margins. | K27: plateLayout.computePlateFrames (via scene.plateFrames) | L27: None | M27: None — CLI has frames (computePlateFrames) but no volume box | N27: None | O27: internal: volumeBoundsForModel, captureSliceThumbnailPng | P27: S | Q27: Med | R27: High | S27: THREE.Box3 return type; two diverging copies (page: no margins, SceneCanvas: margins). | T27: plateVolumeBoxes({ frames, maxZMm }): Map<plateId, {min:{x,y,z},max:{x,y,z}}> | U27: 2 plates, center origin, 120x68x150: box per plate equals frame rect with z 0..150; disabled volume -> null. | W27: No (all plates) | X27: scene.plateFrames (memo) | Y27: plates
A28: volume-bounds-for-model | B28: volumeBoundsForModel | C28: Picks the build volume a model is judged against: the plate it stands on (scene.resolveModelPlateId), else null so callers fall back to the single-volume box. | D28: No | E28: Volume bounds and seating | F28: page.tsx:819-822 | G28: Reads: plateVolumeBounds, scene.resolveModelPlateId Writes: None | H28: No | I28: Mostly pure | J28: Mostly pure — one lookup; wraps the hook's resolveModelPlateId. | K28: plateLayout.resolveModelPlateId (through scene.resolveModelPlateId) | L28: Partial | M28: Partial — CLI slice uses resolveModelPlateId directly via plateSliceScope | N28: None | O28: internal: resinInBoundsModelIdSet, sliceableModelIdSet, outsidePlateModelIds | P28: S | Q28: Med | R28: High | S28: None beyond THREE boxes. | T28: volumeForModel({ model:{transform:{position},plateId?}, frames, maxZMm }) | U28: Model at plate-2 frame centre with stale plateId=plate-1 -> plate-2 box; model with no frame hit and unknown plateId -> first plate. | W28: No (model passed) | X28: scene.resolveModelPlateId | Y28: plates
A29: lift-drop-selection | B29: placeSelectedModelsAtWorldZ / handleLiftSelectedModels / handleDropSelectedModels | C29: Lift puts the selection's lowest point at the lift distance, Drop at 0, moving all targets together. | D29: No | E29: Volume bounds and seating | F29: page.tsx:9191-9224 | G29: Reads: selection, transformMgr.liftDistance Writes: scene transforms | H29: Yes | I29: Mostly pure. | J29: Mostly pure. | K29: selectionLiftDrop.buildLiftDropUpdates | L29: Partial | M29: Partial — place-on-platform sets z = -minZ of raw STL, ignores rotation/scale and lift | N29: inside scene.updateModelTransforms (history on by default) | O29: transform panel | P29: S | Q29: High | R29: High | S29: None. | T29: liftDropModels({ models, ids, targetZ }) | U29: Rotated model, Drop -> lowest transformed vertex z=0 (CLI differs: raw mesh minZ). | W29: Yes — selection else active | Y29: placement
A30: auto-lift-toggle | B30: handleAutoLiftChange / disableAutoLiftForManualZMove | C30: Auto-lift toggled: with >1 selected, lift/drop them together first; then clear manual-Z overrides on the selection. A manual Z move sets the override on every selected model. | D30: No | E30: Volume bounds and seating | F30: page.tsx:9226-9247 | G30: Reads: selection, liftDistance Writes: manualZMoveOverride per model, transformMgr.autoLift | H30: Yes | I30: Mixed. | J30: Mixed. | K30: None | L30: None | M30: None | N30: None for the override | O30: transform panel, handleTransformStart | P30: S | Q30: Med | R30: High | S30: manualZMoveOverride lives on models but auto-lift is a viewer pref. | T30: n/a (two hook calls) | U30: Two selected, enable auto-lift -> both lifted, overrides cleared. | W30: Yes | X30: scene.setModelManualZMoveOverride | Y30: placement
A31: arrange-plate-button | B31: onArrangePlate (JSX) | C31: The plate's own Arrange button: auto-arrange all models at 1mm with Z rotation, filling this plate only, as a per-run override. | D31: No | E31: Placement and duplicate layout | F31: page.tsx:10841-10847 | G31: Reads: none Writes: via arrange manager | H31: Yes | I31: Mostly React. | J31: Mostly React. | K31: useArrangeManager.handleAutoArrangeModels | L31: Partial | M31: Partial — scene arrange has no plateFillMode | N31: via arrange manager | O31: SceneCanvas plate widget | P31: S | Q31: Med | R31: High | S31: Settings hardcoded inline. | T31: n/a | U31: Two plates, arrange plate 2 -> plate 1 untouched. | W31: Partly — 'this plate' = active plate inside the manager | Y31: duplicate-arrange
A32: support-aware-arrange-bounds | B32: supportBoundsByModelId / getArrangeTransform / getModelSupportAwareDimensionsMm / getModelSupportAwareFootprintPolygon | C32: Size a model for arrange/duplicate including its supports and raft: per-model support bounds from the support store, dimensions with an optional Z rotation, convex-hull footprint polygon. Uses the live hook transform for the active model. | D32: No | E32: Placement and duplicate layout | F32: page.tsx:7496-7797 | G32: Reads: support store, raft settings, transformMgr.transform, scene.mode/transformMode Writes: memo values | H32: Yes | I32: Mostly pure | J32: Mostly pure — geometry over support positions; THREE.Box3/Vector2. | K32: computeRaftFootprint helpers | L32: Partial | M32: Partial — scene arrange ignores supports (uses ArrangeModel) | N32: None | O32: useArrangeManager, duplicate preview effect | P32: M | Q32: Med | R32: Med — — 7530-7797 skimmed | S32: Only computed in arrange/duplicate tools; THREE types. | T32: supportAwareFootprint({ model, supports, raft, rotationZ? }): {width,depth,height, polygon} | U32: Model 10x10 with trunk at +8mm -> width >= 18 + root radius. | W32: Partly — live transform for active model | Y32: duplicate-arrange
A33: prepare-hotkeys-arrange-all | B33: usePrepareTransformHotkeys({ onArrangeAll }) | C33: Arrange-all hotkey picks the arrange algorithm from the panel settings: manual array, high precision or auto, for all models. | D33: No | E33: Placement and duplicate layout | F33: page.tsx:7997-8010 | G33: Reads: arrangeLayoutMode, arrangePrecisionMode Writes: via arrange manager | H33: No | I33: Mostly React. | J33: Mostly React. | K33: useArrangeManager | L33: Partial | M33: Partial — scene arrange runs computeHighPrecisionArrangeUpdates only | N33: via arrange manager | O33: hotkey | P33: S | Q33: Med | R33: High | S33: Algorithm choice is a UI setting. | T33: n/a | U33: Hotkey with array layout -> manual array. | W33: No ('all') | Y33: duplicate-arrange
A34: duplicate-preview-layout | B34: useEffect duplicate preview 9500-9790 | C34: Duplicate tool preview: array mode lays a centred XxYxZ grid around the source; auto mode fills a grid on the active plate (safety margins, nearest-to-source first, SAT polygon overlap against other models' footprints), spills the rest onto ghost plates positioned by the plate cascade; the source keeps its nearest slot. | D34: No | E34: Placement and duplicate layout | F34: page.tsx:9500-9790 | G34: Reads: scene.activeModel, models, plates, plateOrdering, view3dSettings, duplicate settings Writes: duplicatePreviewTransforms, duplicateSourcePreviewTransform, duplicateGhostPlateOffsets | H34: Yes | I34: Mostly pure | J34: Mostly pure — a full layout algorithm living in an effect that only sets state. | K34: plateCascadeOffsetMm, getModelSupportAwareFootprintPolygon | L34: Partial | M34: Partial — scene duplicate offsets copies by a fixed vector; no grid, no plates | N34: None (preview); confirm is in useArrangeManager | O34: SceneCanvas ghosts, handleConfirmDuplicate | P34: M | Q34: Med | R34: High | S34: Biggest pure rule hiding in page.tsx. High-precision branch defers elsewhere and has a side effect (clears manual Z override). | T34: layoutDuplicates({ source:{transform,footprint}, others:{footprint}[], plate:{rect,margins}, plates, ordering, count, spacing, mode, array }): { sourceSlot, slots, ghostPlateOffsets } | U34: 10 copies of 30mm cube on 100x100 plate, spacing 2 -> 9 on plate, 1 on one ghost plate at cascade offset; array 2x2 gap 5 -> 4 slots centred on source. | W34: Yes — active model and active plate | X34: scene.plateOffsetFor, scene.setModelManualZMoveOverride | Y34: duplicate-arrange
A35: copy-paste-hotkeys | B35: Ctrl+C / Ctrl+V / Ctrl+S branches of hotkey effect | C35: Ctrl+C copies selection else active (Prepare only); Ctrl+V pastes with auto-arrange at arrangeSpacingMm and optimistically adds cached resin volume x scale to the estimate; Ctrl+S saves when the scene has models. | D35: No | E35: Placement and duplicate layout | F35: page.tsx:9938-10004 | G35: Reads: scene, arrangeSpacingMm, resin cache refs Writes: clipboard (hook), resin estimate | H35: Yes | I35: Mostly React | J35: Mostly React — key edge detection. | K35: None | L35: None | M35: None | N35: via hook | O35: hotkeyStore | P35: S | Q35: Low | R35: High | S35: Paste resin-bump block duplicated from editor menu 'paste'. | T35: n/a (dispatch); resin bump -> estimateAddedResinMl({baseMl, scale}) | U35: Ctrl+V with cached base 2ml at scale 2 -> estimate +16ml. | V35: hotkeyStore.subscribe | W35: Yes — selection else active | X35: scene.copySelectedModels, copyModel, pasteCopiedModelsAutoArrange | Y35: cut-copy-paste
A36: sc-multi-selection-transform | B36: buildMultiSelectionTransformsFromActive | C36: Live multi-selection gizmo: move adds the active delta to all; rotate uses rotateSelectionFromActive about the pivot; scale scales offsets from the pivot and each scale by the active ratio, then preserves each bottom. | D36: No | E36: Transform | F36: SceneCanvas.tsx:2878-2949 | G36: Reads: gizmo start snapshot, modelById, selectionRotationMode Writes: None (returns map) | H36: No | I36: Mostly pure. | J36: Mostly pure. | K36: rotateSelectionFromActive, preserveModelBottom | L36: None | M36: None | N36: Committed via onGizmoTransformGroupCommit | O36: SceneCanvas gizmo handlers | P36: S | Q36: Med | R36: High | S36: Scale branch restates scaleSelectionFromActive with pivot. | T36: transformSelectionFromActive({ op, before, activeId, activeAfter, pivot, models }) | U36: Scale 2x of two models about pivot -> offsets doubled, bottoms preserved; matches page scaleSelectionFromActive. | W36: No (snapshot ids) | Y36: transform
A37: sc-move-z-lock | B37: onMoveStart / onMove dragMoveLockZ | C37: Dragging an in-plane gizmo arrow pins the height (when its world direction has no Z), so a sideways drag cannot drift off the plate. | D37: No | E37: Transform | F37: SceneCanvas.tsx:7211-7272 | G37: Reads: gizmo axis direction, source z Writes: group position | H37: Yes | I37: Mostly React. | J37: Mostly React. | K37: None | L37: None | M37: None | N37: None | O37: SceneCanvas gizmo | P37: S | Q37: Low | R37: High | S37: Gizmo-frame dependent. | T37: n/a (UI plumbing) | U37: Local-frame rotated model, drag X -> z unchanged. | W37: Yes — active model | Y37: transform
